x,y,z,rx,ry,rz
-0.597868183134921,0.6335290562276622,0.41432256639233545,4.041,1.516,-1.466
-0.3793528165452701,0.6169607857243457,0.4594995579663036,4.041,1.516,-1.466
-0.36735384513214947,0.35708699999671917,0.7506878565104409,4.041,1.516,-1.466
-0.5471923685963594,0.28581579319545,0.39421973757501527,4.041,1.516,-1.466
-0.2703735746657046,0.737993635902634,0.6033386398696572,4.041,1.516,-1.466
-0.6244643610772707,0.22851525046598606,0.35575854309555505,4.041,1.516,-1.466
-0.28861252920663993,0.8310160117550203,0.6235472059506053,4.041,1.516,-1.466
-0.7115199741503128,0.04510793765750221,0.6508377347975742,4.041,1.516,-1.466
-0.545963574352311,-0.13619069682060436,0.6806078864172371,4.041,1.516,-1.466
-0.6630658820528709,0.602854510804867,0.39249653789272637,4.041,1.516,-1.466
-0.5666625980099528,0.1316406258242,0.7980314726260677,4.041,1.516,-1.466
-0.7498376584163339,-0.21772698602679394,0.6544464719443435,4.041,1.516,-1.466
-0.6103679047790258,0.3020548707907943,0.5853122040036263,4.041,1.516,-1.466
-0.5682911593716334,0.33456400879610987,0.7299353612806426,4.041,1.516,-1.466
-0.7769451208655255,-0.35032952538855944,0.7837593643959724,4.041,1.516,-1.466
-0.8135468119539272,-0.2296536716705866,0.515143974151506,4.041,1.516,-1.466
-0.2087546324926252,0.5135130098736254,0.588484987778257,4.041,1.516,-1.466
-0.3098887694763647,0.7313242342714715,0.7014907702345502,4.041,1.516,-1.466
-0.48329885727638944,0.7630715414322546,0.6846799822314795,4.041,1.516,-1.466
-0.4969634649043586,0.14704066448448752,0.644637953159415,4.041,1.516,-1.466
-0.7208617881469654,0.16578139577971499,0.692731845141743,4.041,1.516,-1.466
-0.6638231973309426,0.44582733027693,0.5895390644240337,4.041,1.516,-1.466
-0.8786118187589789,-0.08848177325345083,0.7236020709385201,4.041,1.516,-1.466
-0.5736824115053589,-0.28102902371369204,0.7301027228510311,4.041,1.516,-1.466
-0.646854634428356,0.5097419087869902,0.5611082488669111,4.041,1.516,-1.466
-0.6698915736166731,-0.2689861049082839,0.4176424845941668,4.041,1.516,-1.466
-0.8908842728756555,0.1663066676618559,0.7722463880198893,4.041,1.516,-1.466
-0.32897274356479816,0.7261655504302383,0.5551044268220826,4.041,1.516,-1.466
-0.5780249453107822,0.4466356879879633,0.45787160124349147,4.041,1.516,-1.466
-0.6126843324729099,0.15605994859115152,0.752275876612589,4.041,1.516,-1.466
-0.5696130352295155,0.6900808127415072,0.41591177565193205,4.041,1.516,-1.466
-0.404909865965549,0.8023346281412909,0.5167757744446896,4.041,1.516,-1.466
-0.6856869796334356,0.2674321764612449,0.7373167778814282,4.041,1.516,-1.466
-0.5466299763675841,0.11033401416976941,0.6423720109360678,4.041,1.516,-1.466
-0.30029205595152403,0.852529271027397,0.3461920422324108,4.041,1.516,-1.466
-0.4669391059230107,0.6300752475464666,0.5772489417497133,4.041,1.516,-1.466
-0.4797623024981884,-0.19187435348105064,0.39541964489275366,4.041,1.516,-1.466
-0.903622236296267,0.010144428799454042,0.5362499541528196,4.041,1.516,-1.466
-0.6017652655731274,0.28545789794170695,0.3110909796010021,4.041,1.516,-1.466
-0.2689946319364361,0.7985122699352049,0.5917364914566232,4.041,1.516,-1.466
-0.42093051294799094,0.5667316053500256,0.7253736175509121,4.041,1.516,-1.466
-0.6714370425405377,0.24845926393089243,0.6916784777173808,4.041,1.516,-1.466
-0.2671692561074015,0.5106156843298281,0.3042727169320114,4.041,1.516,-1.466
-0.6356544684289288,0.08735391526855647,0.527489968275864,4.041,1.516,-1.466
-0.5034942227916637,0.15202600343121866,0.5340010299731311,4.041,1.516,-1.466
-0.5187650120263835,0.20899053306087362,0.4379638580175371,4.041,1.516,-1.466
-0.5421879671927546,0.26507132413106615,0.6288304251088699,4.041,1.516,-1.466
-0.45237074488155676,0.39247455121039015,0.4176187102756723,4.041,1.516,-1.466
-0.7969449731931524,0.19176942868128968,0.4110971889078363,4.041,1.516,-1.466
-0.2776452282057286,0.46660961023183706,0.6952060144549008,4.041,1.516,-1.466
-0.27804767726808227,0.7064616735768224,0.33412551616406677,4.041,1.516,-1.466
-0.5325210897624044,0.10277848661792091,0.46621121828191353,4.041,1.516,-1.466
-0.7168969576501095,-0.03504212607146255,0.7128293156778137,4.041,1.516,-1.466
-0.6092504636661098,0.08628554384638522,0.48323084555961326,4.041,1.516,-1.466
-0.7000162438504565,-0.11678733974926388,0.4316308565707578,4.041,1.516,-1.466
-0.8261926864129282,0.025968491704950563,0.6661554133126655,4.041,1.516,-1.466
-0.44691292863885773,-0.2261470481269657,0.5725589666011253,4.041,1.516,-1.466
-0.8065412321593146,-0.009119386394717006,0.7362619437292205,4.041,1.516,-1.466
-0.532946355253166,0.33397469064517565,0.5468820028514365,4.041,1.516,-1.466
-0.44578999263148295,0.4572611047373591,0.5061302174398901,4.041,1.516,-1.466
-0.23585161287492717,0.44145411515112065,0.3375461815172303,4.041,1.516,-1.466
-0.6344694435897367,0.1413014070955855,0.6613533197856067,4.041,1.516,-1.466
-0.669116589214277,0.5402808977979549,0.6677607438441093,4.041,1.516,-1.466
-0.7074447344925354,0.17963287600154507,0.7523702311852314,4.041,1.516,-1.466
-0.7789424114759492,-0.009790076728123938,0.6714532860414693,4.041,1.516,-1.466
-0.7756638684484795,-0.23345675794093457,0.6897900129405787,4.041,1.516,-1.466
-0.838779226467164,-0.3383834650011753,0.370937903577451,4.041,1.516,-1.466
-0.6201560394072234,0.3494304180345138,0.5151724886445574,4.041,1.516,-1.466
-0.5358263585292178,-0.18322670238477343,0.6503086942233297,4.041,1.516,-1.466
-0.6834292487262951,0.37484555836549727,0.34798958884942005,4.041,1.516,-1.466
-0.30350125680375495,0.4392525731425948,0.6508752849431897,4.041,1.516,-1.466
-0.3144584830838821,0.43219081166010864,0.48704791266009934,4.041,1.516,-1.466
-0.559715151639154,0.1820991647767336,0.6783246563179399,4.041,1.516,-1.466
-0.6641948074787452,0.3537134950912872,0.7102448456731183,4.041,1.516,-1.466
-0.7756130299505941,-0.2907067117007243,0.5683768569378436,4.041,1.516,-1.466
-0.4211490432774434,0.6530452034985635,0.3006516397700574,4.041,1.516,-1.466
-0.49300779618000845,-0.19765474445024495,0.7629356810773034,4.041,1.516,-1.466
-0.7296402183845022,0.3581115512276602,0.30045177672018714,4.041,1.516,-1.466
-0.37399426318165147,0.4059021490383706,0.5301618305882803,4.041,1.516,-1.466
-0.5202850362438436,0.7360531764347901,0.5653554083558977,4.041,1.516,-1.466
-0.5306441849562659,-0.21565385563152872,0.5764210715649152,4.041,1.516,-1.466
-0.7865160590158249,0.355452055253023,0.5626512076749535,4.041,1.516,-1.466
-0.7796629533649166,-0.36432815558274634,0.4286123765103535,4.041,1.516,-1.466
-0.3855580775498458,0.46891234892376105,0.380946205014508,4.041,1.516,-1.466
-0.6172348689410468,0.15848542105902264,0.6866479451866171,4.041,1.516,-1.466
-0.653446351683536,0.543777030334009,0.37612945358184957,4.041,1.516,-1.466
-0.2589934437705729,0.5074843970656672,0.4108046847962108,4.041,1.516,-1.466
-0.753898461391054,0.06837826839414168,0.7919523641661006,4.041,1.516,-1.466
-0.6393059252727079,0.18740422074722196,0.5122301250925292,4.041,1.516,-1.466
-0.33424177620205503,0.37874547899106575,0.5107166422287732,4.041,1.516,-1.466
-0.786711598137343,-0.26104032873433286,0.4218891657428545,4.041,1.516,-1.466
-0.592238888366934,0.5092186443998944,0.5745465243056949,4.041,1.516,-1.466
-0.3319454411804868,0.8292768421090525,0.7280198576347223,4.041,1.516,-1.466
-0.551095172292336,0.30117017741144686,0.7708040176995525,4.041,1.516,-1.466
-0.7952887852685699,0.13280505862086875,0.5515669529823728,4.041,1.516,-1.466
-0.7897649569422698,-0.25622063600940037,0.3826532293536901,4.041,1.516,-1.466
-0.2812706312744103,0.6070170574153668,0.7736310387776003,4.041,1.516,-1.466
-0.5981769068216195,-0.19033185929501428,0.6197889586917478,4.041,1.516,-1.466
-0.5061636536895504,0.21966059890863093,0.621326428115661,4.041,1.516,-1.466
-0.44406622960452696,0.7310185186607695,0.4979342424152947,4.041,1.516,-1.466
-0.6167699194780495,0.3372255819948623,0.5747340177977747,4.041,1.516,-1.466
-0.6059014353277247,-0.29550926256874516,0.7571545759956735,4.041,1.516,-1.466
-0.7475473357104278,-0.11293901856395065,0.4132459620175757,4.041,1.516,-1.466
-0.8064108912579001,0.1798177254021548,0.5526883789395514,4.041,1.516,-1.466
-0.21858826189635278,0.5613021125004791,0.5048513849014045,4.041,1.516,-1.466
-0.6601120615714993,0.350877418650428,0.3791011109318145,4.041,1.516,-1.466
-0.5328793566479753,0.49403667116134103,0.4569353123829374,4.041,1.516,-1.466
-0.6602474641214408,0.32130010487306987,0.6559171797769805,4.041,1.516,-1.466
-0.900725322594616,0.012726829818707057,0.38671763927797587,4.041,1.516,-1.466
-0.5266150067059114,0.32572215382431025,0.5794108761960715,4.041,1.516,-1.466
-0.7788573818562968,0.015743105768875016,0.34647047415854365,4.041,1.516,-1.466
-0.32082225204586745,0.606990729136916,0.756344523091206,4.041,1.516,-1.466
-0.2729830853974313,0.743911180788531,0.4995148898432716,4.041,1.516,-1.466
-0.7079020114949648,0.3950086107968749,0.3534960765271574,4.041,1.516,-1.466
-0.6748465560728542,0.46202763798848995,0.6706175030437823,4.041,1.516,-1.466
-0.6383441501665003,0.43984688403075606,0.3574561330251474,4.041,1.516,-1.466
-0.6817058371947146,-0.2598248926859759,0.5177337339156699,4.041,1.516,-1.466
-0.7875770113319308,0.040758304481287685,0.6670826501067693,4.041,1.516,-1.466
-0.773390802842717,-0.14547358402351473,0.6098882864603817,4.041,1.516,-1.466
-0.5932660886379054,-0.2969609343186987,0.5911973906136501,4.041,1.516,-1.466
-0.3136947004610827,0.8292243255310627,0.49001951280337475,4.041,1.516,-1.466
-0.7626650924397653,0.11056144761765248,0.4002524890464191,4.041,1.516,-1.466
-0.7626028120941902,0.15018479219664335,0.5560536421368785,4.041,1.516,-1.466
-0.45900178358913896,0.49976068380211797,0.7420923337341064,4.041,1.516,-1.466
-0.231277732193003,0.4562950564477392,0.6240964919812296,4.041,1.516,-1.466
-0.28160698399578094,0.786493529670266,0.5871832869584706,4.041,1.516,-1.466
-0.7383281112393779,0.31906146660488705,0.48975646249820953,4.041,1.516,-1.466
-0.36610843934753146,0.6018196542270883,0.599040781258634,4.041,1.516,-1.466
-0.7914866638554038,-0.2594840286749648,0.5725731651451462,4.041,1.516,-1.466
-0.8173591748232931,0.23177501121511063,0.6769016316408529,4.041,1.516,-1.466
-0.5477820658327327,0.620770185477377,0.5933811436619343,4.041,1.516,-1.466
-0.8188413293498124,0.1263110935944936,0.7687280283472664,4.041,1.516,-1.466
-0.23109020153024692,0.5456965618603727,0.422586652157026,4.041,1.516,-1.466
-0.8751235473365501,-0.21297172523575766,0.3587272555498155,4.041,1.516,-1.466
-0.8070761339264964,-0.22732339518845482,0.46225762035204726,4.041,1.516,-1.466
-0.8554391129896047,0.23641776024139655,0.75931650060534,4.041,1.516,-1.466
-0.6202041668218293,0.13965154774632832,0.4681498993366896,4.041,1.516,-1.466
-0.7074998503264276,-0.13146355240609384,0.3819962007558255,4.041,1.516,-1.466
-0.48249548908304246,-0.1838823628001124,0.5777180651058405,4.041,1.516,-1.466
-0.2316037961670748,0.6185756438500438,0.6251456682812755,4.041,1.516,-1.466
-0.6231752243351125,0.1665051755203049,0.5308378282724743,4.041,1.516,-1.466
-0.7710439437836406,-0.06667966272826767,0.6928083212843881,4.041,1.516,-1.466
-0.5044271819780367,0.33693834412475954,0.3056019742769469,4.041,1.516,-1.466
-0.664078276295008,-0.14310096921926577,0.30897806616732454,4.041,1.516,-1.466
-0.6014109133522153,0.5983786398531591,0.48672818491683545,4.041,1.516,-1.466
-0.497925643520635,-0.20336678079836035,0.5490493863335175,4.041,1.516,-1.466
-0.6111794910276331,0.3972514844646618,0.5602060211860809,4.041,1.516,-1.466
-0.32498411354968815,0.4216870373650351,0.735822444011205,4.041,1.516,-1.466
-0.4790340530538102,0.6570973824704603,0.6763324509413051,4.041,1.516,-1.466
-0.7528339367223323,0.4346118827937329,0.6350999748375257,4.041,1.516,-1.466
-0.7741467139766862,0.15388529164283393,0.6938018037896305,4.041,1.516,-1.466
-0.5932542459385257,0.20087938048412915,0.6477161741677465,4.041,1.516,-1.466
-0.5729203343298207,-0.1082382169628561,0.33679253786855684,4.041,1.516,-1.466
-0.3333004557203126,0.49317134211516467,0.3030810510152981,4.041,1.516,-1.466
-0.3862455941120519,0.5058219874859035,0.6422240983649401,4.041,1.516,-1.466
-0.7820384916402179,-0.40128745762465445,0.5040740602051277,4.041,1.516,-1.466
-0.5705354801344453,0.4033660144024796,0.4438908381698362,4.041,1.516,-1.466
-0.552998311474777,0.3968188719429925,0.37259411742949683,4.041,1.516,-1.466
-0.7514542601468518,0.16647751891450724,0.7008562832056597,4.041,1.516,-1.466
-0.5942134540026893,0.030372711672134425,0.5399131979250529,4.041,1.516,-1.466
-0.8051490557680882,-0.18318942701064478,0.3350724711072407,4.041,1.516,-1.466
-0.5171120277521962,-0.17053225566084498,0.5286675268135008,4.041,1.516,-1.466
-0.5802231047648695,0.2510956352531417,0.6658101508810927,4.041,1.516,-1.466
-0.7491885758254716,0.1724762389351021,0.41182726957116755,4.041,1.516,-1.466
-0.8176994838688412,0.058758553543498085,0.3624757147696907,4.041,1.516,-1.466
-0.5187303209422948,-0.21967465141624667,0.3894943835394254,4.041,1.516,-1.466
-0.5388812344680501,-0.13744714291693633,0.7497370419925371,4.041,1.516,-1.466
-0.5426826489397695,0.14221824416938464,0.32767684676993153,4.041,1.516,-1.466
-0.5427149372860193,0.5222806683774648,0.6540236414911706,4.041,1.516,-1.466
-0.5943909050228802,0.41346281721047223,0.4784463496805328,4.041,1.516,-1.466
-0.5210346822249627,0.26368837290106606,0.3460689369866917,4.041,1.516,-1.466
-0.3563163426671742,0.5814712502918001,0.5161682607481144,4.041,1.516,-1.466
-0.6120562825610725,0.5177714510447262,0.7533239976756836,4.041,1.516,-1.466
-0.5638097572188888,0.06826270911797189,0.560947485444742,4.041,1.516,-1.466
-0.7800664154413798,0.38077740106755714,0.6143004882912306,4.041,1.516,-1.466
-0.5013677614192283,-0.054213426101385666,0.4568742753954807,4.041,1.516,-1.466
-0.8126824915709401,-0.18537123981205822,0.7327792181991523,4.041,1.516,-1.466
-0.516878066175057,-0.21528462194891038,0.7833608801123083,4.041,1.516,-1.466
-0.584832572657738,0.4604451342812305,0.638525465835118,4.041,1.516,-1.466
-0.49402899740736894,0.6678639221886845,0.3757525339980798,4.041,1.516,-1.466
-0.5690592892097234,0.18898226825428266,0.43513689976668685,4.041,1.516,-1.466
-0.7709978072013668,0.4493425722915975,0.3942001911028574,4.041,1.516,-1.466
-0.8381587887315859,-0.23785143370129874,0.4164694133143378,4.041,1.516,-1.466
-0.25353700416623465,0.6481842927832049,0.7332926387500862,4.041,1.516,-1.466
-0.305967739093223,0.8426901447520619,0.6301119446039298,4.041,1.516,-1.466
-0.8286133590171006,-0.1797507279533982,0.5822438633197426,4.041,1.516,-1.466
-0.497385653581232,0.3118369646020716,0.5133527585052624,4.041,1.516,-1.466
-0.738331173786523,-0.07429063394371102,0.44064686640740836,4.041,1.516,-1.466
-0.22959335791416582,0.45817063124532414,0.7110963006778741,4.041,1.516,-1.466
-0.6464800875797513,0.3441951665415385,0.4235556955663602,4.041,1.516,-1.466
-0.4857989149070909,0.37501277958665313,0.5637592066224675,4.041,1.516,-1.466
-0.53359801238714,0.34604981716070676,0.36272601024925677,4.041,1.516,-1.466
-0.46094084249545003,0.330929042030253,0.7008680667520106,4.041,1.516,-1.466
-0.7310729033901145,0.26521310997394215,0.5737117859720913,4.041,1.516,-1.466
-0.5092617734085424,-0.20951269995870217,0.6955166146006457,4.041,1.516,-1.466
-0.4790884267360569,0.5905922781961125,0.38647264039356294,4.041,1.516,-1.466
-0.3655069162731475,0.384715479493848,0.49815153429137454,4.041,1.516,-1.466
-0.47466533790987053,-0.19253116881040158,0.3592966054405189,4.041,1.516,-1.466
-0.4416321562432254,0.5950330431735129,0.3646780100093903,4.041,1.516,-1.466
-0.5317877817804737,0.17537248941890196,0.6513747469364924,4.041,1.516,-1.466
-0.5014237372266429,-0.02005585473479097,0.4242992518115784,4.041,1.516,-1.466
-0.34767518192088986,0.791222876664169,0.4970039481416,4.041,1.516,-1.466
-0.32462436639773995,0.6376791999418823,0.7741447309471852,4.041,1.516,-1.466
-0.4719259838144668,0.6016937330735854,0.4315273186832497,4.041,1.516,-1.466
-0.5103806303583955,-0.013315028873966971,0.7088263980264897,4.041,1.516,-1.466
-0.8472325189275599,-0.29609830248138735,0.6769124643408991,4.041,1.516,-1.466
-0.7545696072709436,-0.12189129528009193,0.7952131640586839,4.041,1.516,-1.466
-0.4209780310902211,0.48354331997822797,0.6518444740048639,4.041,1.516,-1.466
-0.7924862224922917,0.11355123058817179,0.3471561494963089,4.041,1.516,-1.466
-0.7516819968978339,0.4628835941286577,0.4233775023779808,4.041,1.516,-1.466
-0.3782608660062092,0.520962765740594,0.5286550288275644,4.041,1.516,-1.466
-0.31888970004890094,0.4780545919107356,0.4046684593303632,4.041,1.516,-1.466
-0.7917568110182042,0.4445592114155779,0.562879429902241,4.041,1.516,-1.466
-0.8785277484843244,-0.21202236209097916,0.6756586405870637,4.041,1.516,-1.466
-0.4383862867880452,0.5279123258325372,0.7280053894382608,4.041,1.516,-1.466
-0.6433371047254846,0.3044108108470296,0.5538956101323665,4.041,1.516,-1.466
-0.4376980518179058,0.6926103942159714,0.33275157240825737,4.041,1.516,-1.466
-0.4748489151785659,-0.2443950380844856,0.38728344613541477,4.041,1.516,-1.466
-0.5105606586594807,0.5031659362928856,0.38273875454536255,4.041,1.516,-1.466
-0.3757931159608144,0.44576802718473973,0.7243495859424804,4.041,1.516,-1.466
-0.7461604050666993,-0.29952179914743077,0.701825456389993,4.041,1.516,-1.466
-0.38658951612940373,0.3960942032942626,0.46913278283556353,4.041,1.516,-1.466
-0.4873545820615485,0.37537444177729523,0.6540662099168211,4.041,1.516,-1.466
-0.454589681344334,0.5411669955643188,0.7758190655936574,4.041,1.516,-1.466
-0.6255771305668764,-0.13043813066094212,0.6549314768491464,4.041,1.516,-1.466
-0.15324079706555346,0.4943065221071219,0.3866046581581372,4.041,1.516,-1.466
-0.6481321071755357,0.2601016444585646,0.38597421124646036,4.041,1.516,-1.466
-0.43750227674051406,0.3193720534170742,0.6623317696790493,4.041,1.516,-1.466
-0.5076184059722338,0.21342429342113747,0.7343749405592376,4.041,1.516,-1.466
-0.693721731126508,0.2277366829827383,0.4516318537658144,4.041,1.516,-1.466
-0.7789612311214777,0.17277490679707366,0.4320633287603502,4.041,1.516,-1.466
-0.8425018009579581,0.08626803228953177,0.5805942700406664,4.041,1.516,-1.466
-0.48553149821903163,-0.23325722956640174,0.5024000074587218,4.041,1.516,-1.466
-0.44737975035553545,0.5336174730763484,0.6700940411356437,4.041,1.516,-1.466
-0.23775987464662846,0.731720899065772,0.6833352584321801,4.041,1.516,-1.466
-0.3022864554376618,0.783449356445086,0.450854195226565,4.041,1.516,-1.466
-0.6096631686047064,-0.10681135170509155,0.3471761428148458,4.041,1.516,-1.466
-0.6262014282085894,0.24034692319432957,0.7301882735628082,4.041,1.516,-1.466
-0.526188629809501,-0.1584739593934737,0.47271021689422643,4.041,1.516,-1.466
-0.43141092457854696,0.5329785670778316,0.34808476251409615,4.041,1.516,-1.466
-0.7362211968114769,-0.3331416088142736,0.48103711833162305,4.041,1.516,-1.466
-0.6351043285164556,-0.12670128030775848,0.6398956152103901,4.041,1.516,-1.466
-0.4997034512444733,-0.13033044740450048,0.7333727307567925,4.041,1.516,-1.466
-0.7257258872874428,0.36992109553170544,0.73453346690408,4.041,1.516,-1.466
-0.3403604109563123,0.3867192407068057,0.3512458153310147,4.041,1.516,-1.466
-0.48599657080780206,0.5942434251799332,0.6582347123820084,4.041,1.516,-1.466
-0.5050826272204726,0.28576532373095315,0.44455195853221285,4.041,1.516,-1.466
-0.35413409189997147,0.3533515232873785,0.7597979199167149,4.041,1.516,-1.466
-0.7354666959449816,-0.11293873070965989,0.38271467754925087,4.041,1.516,-1.466
-0.7185135449304934,0.28525999757613174,0.3941394371471749,4.041,1.516,-1.466
-0.4012768085894646,0.572634631762281,0.4708984017343319,4.041,1.516,-1.466
-0.5088671925371429,-0.23471943177364613,0.5947062044196241,4.041,1.516,-1.466
-0.17208759320612,0.5617192441191045,0.5314769646672537,4.041,1.516,-1.466
-0.3482814057487333,0.5444965239271127,0.5231252454401317,4.041,1.516,-1.466
-0.8208636778878213,-0.04283773565163032,0.7236387779817932,4.041,1.516,-1.466
-0.4665721202059979,0.6887554527553743,0.5419119240610486,4.041,1.516,-1.466
-0.27715503025050436,0.7617023002899564,0.4187849040275851,4.041,1.516,-1.466
-0.438823909771309,0.32330863509750557,0.7941789956378086,4.041,1.516,-1.466
-0.6780492089579763,0.49084693281316105,0.6822412620253606,4.041,1.516,-1.466
-0.7501846888253326,0.4180917858934822,0.5778806717898564,4.041,1.516,-1.466
-0.46370338656284005,0.33644770347935365,0.456390443428226,4.041,1.516,-1.466
-0.5317296261099074,0.44349079980361317,0.5685022231002532,4.041,1.516,-1.466
-0.7082722050383778,0.5635611136848825,0.5946108031979258,4.041,1.516,-1.466
-0.7192660765952511,-0.3300230681686605,0.5500111539950063,4.041,1.516,-1.466
-0.7427942595279095,0.4413761792270696,0.7057366813336283,4.041,1.516,-1.466
-0.5971207081923368,0.6484934910555473,0.3868656702710853,4.041,1.516,-1.466
-0.560008841352363,0.3926378749895693,0.31190785836363205,4.041,1.516,-1.466
-0.5456210066483187,0.2982460388228612,0.43537139442162304,4.041,1.516,-1.466
-0.3201046166705987,0.434375070971514,0.580227027709426,4.041,1.516,-1.466
-0.7228500368747311,0.24589543633749253,0.7929664356632931,4.041,1.516,-1.466
-0.45452892105463893,0.4790073955147598,0.5028932680058662,4.041,1.516,-1.466
-0.25598669659203865,0.5411666464883177,0.6619439648910028,4.041,1.516,-1.466
-0.5600290324645439,0.29245261854943794,0.6163999449021018,4.041,1.516,-1.466
-0.5039649804531431,0.05535730349157973,0.6417862916256342,4.041,1.516,-1.466
-0.18280982087195274,0.5345558572402467,0.3364907057693267,4.041,1.516,-1.466
-0.3111154741173272,0.8398815160555075,0.5279503458081634,4.041,1.516,-1.466
-0.36174954916148044,0.43777740366864354,0.7907300688247316,4.041,1.516,-1.466
-0.828922159330192,0.3652675228687717,0.35616671956328366,4.041,1.516,-1.466
-0.4988626355535658,-0.23925469978608618,0.5966078245416244,4.041,1.516,-1.466
-0.7322203712922354,0.07715820905550086,0.3621837363972901,4.041,1.516,-1.466
-0.5418570294984553,0.3617508262553751,0.6183672961636474,4.041,1.516,-1.466
-0.6256439723557614,0.020125079231192205,0.43051072946950936,4.041,1.516,-1.466
-0.5557676300565628,0.037521376709675466,0.6705418223561967,4.041,1.516,-1.466
-0.6098021049233734,-0.1639536685838696,0.47039966318407733,4.041,1.516,-1.466
-0.713975978402743,-0.0799469180137792,0.6379595826054433,4.041,1.516,-1.466
-0.4474329093933221,0.5286792608010119,0.3843564973231351,4.041,1.516,-1.466
-0.7868322453664377,-0.23147080417872373,0.3587946155845917,4.041,1.516,-1.466
-0.2818871687830647,0.5552088346341113,0.4841685540559845,4.041,1.516,-1.466
-0.56979294215735,0.30531530640862803,0.5939495978866747,4.041,1.516,-1.466
-0.40876166687308446,0.7696461113886659,0.48933207091395997,4.041,1.516,-1.466
-0.4680395421972815,0.7439987780976337,0.4802206424107781,4.041,1.516,-1.466
-0.687207572270729,0.5329472767130397,0.40001910141279945,4.041,1.516,-1.466
-0.21280197920333152,0.5720004865791405,0.656985604542649,4.041,1.516,-1.466
-0.2765127588377541,0.7871889450651788,0.42204893212817174,4.041,1.516,-1.466
-0.6539230520614953,-0.13109498850600593,0.40147943921944806,4.041,1.516,-1.466
-0.67105234771625,0.30570186364178725,0.41056894860756343,4.041,1.516,-1.466
-0.5334857322933898,0.679465376127162,0.37989662473340785,4.041,1.516,-1.466
-0.30998975783443294,0.7897661915608745,0.5248971266164806,4.041,1.516,-1.466
-0.6172122077745319,-0.1901473820110868,0.3512622065823477,4.041,1.516,-1.466
-0.5035858350954113,0.6072968880217327,0.5455176173972631,4.041,1.516,-1.466
-0.8204435842575765,-0.2123331198823123,0.7617616162767749,4.041,1.516,-1.466
-0.6920967024290564,0.019427400082476533,0.4409740174040306,4.041,1.516,-1.466
-0.20504865673997014,0.6964447315683533,0.7258112646424508,4.041,1.516,-1.466
-0.5949146932575664,0.5295042788591814,0.5233461451535407,4.041,1.516,-1.466
-0.36916908328507797,0.5800425094365301,0.7013410527166964,4.041,1.516,-1.466
-0.5826874960015536,0.6859683302826088,0.5849167695094213,4.041,1.516,-1.466
-0.4911344242499476,0.422151491703865,0.5137893339306426,4.041,1.516,-1.466
-0.6542674189716797,0.16414601012500152,0.4513342900065469,4.041,1.516,-1.466
-0.7241998187702072,0.17323395288390406,0.7785748880867462,4.041,1.516,-1.466
-0.4658432970125009,0.22963244925606976,0.584870955530227,4.041,1.516,-1.466
-0.5738859477171457,0.505479324730952,0.470981871923843,4.041,1.516,-1.466
-0.6104621832578785,-0.13470903267855694,0.5975844128673979,4.041,1.516,-1.466
-0.4585641371120708,0.3058593611145288,0.668110528413747,4.041,1.516,-1.466
-0.6554701539016338,0.26580846240845035,0.647214289055606,4.041,1.516,-1.466
-0.7923107504459693,0.06607450049363917,0.4872844335869778,4.041,1.516,-1.466
-0.3459612354892276,0.6179163587381243,0.6851450582750901,4.041,1.516,-1.466
-0.2696717448041742,0.6457308876764737,0.6194534379007897,4.041,1.516,-1.466
-0.7390547309203698,0.18487154185966398,0.6328152677509893,4.041,1.516,-1.466
-0.312940098005956,0.8329466494286137,0.5789961583948195,4.041,1.516,-1.466
-0.7529535429297716,-0.16801201032282365,0.7644582952325579,4.041,1.516,-1.466
-0.38437882844262816,0.46540458398663465,0.46177696702416465,4.041,1.516,-1.466
-0.3463234646310277,0.416380902062751,0.6782407953577176,4.041,1.516,-1.466
-0.528790075343519,-0.1719874140461778,0.3323225610676471,4.041,1.516,-1.466
-0.4825774692921947,0.7489671068008522,0.71786103160808,4.041,1.516,-1.466
-0.9034988550487454,0.06923762896800384,0.6091418389205141,4.041,1.516,-1.466
-0.7486297496644518,-0.21813137242670758,0.7471334552483375,4.041,1.516,-1.466
-0.6003654359471787,-0.16890268833576136,0.4777175954697362,4.041,1.516,-1.466
-0.7834409123896482,0.04430092930738224,0.4065496442219565,4.041,1.516,-1.466
-0.5015244151817182,-0.17386548326122456,0.41767790144903166,4.041,1.516,-1.466
-0.680045339698623,-0.20825584830254382,0.4939262599883489,4.041,1.516,-1.466
-0.5959090707400123,0.26007614699048504,0.4885312359602469,4.041,1.516,-1.466
-0.8912135278234987,0.06562723561733796,0.7299380898839043,4.041,1.516,-1.466
-0.5897498871477299,-0.02121842870831618,0.6729733378984726,4.041,1.516,-1.466
-0.4931121109643116,0.4580618649623816,0.5132310180612861,4.041,1.516,-1.466
-0.6383384625770263,0.23403622921536238,0.6843263285392753,4.041,1.516,-1.466
-0.7335001623616214,0.1443665996367509,0.33463709951152215,4.041,1.516,-1.466
-0.29255135950616334,0.5524953497036503,0.4408707484115161,4.041,1.516,-1.466
-0.6889120277697167,-0.13584696616811906,0.581667567262591,4.041,1.516,-1.466
-0.6756106232437448,0.19302506506540845,0.3887591695459951,4.041,1.516,-1.466
-0.8830704078938405,0.12201959172578593,0.5601097300127917,4.041,1.516,-1.466
-0.6777519125668175,0.5543477210152936,0.6010851978588202,4.041,1.516,-1.466
-0.46772143301621744,-0.23908352154344503,0.5147037934449605,4.041,1.516,-1.466
-0.5300357539540346,0.3941893921919771,0.47531667438461983,4.041,1.516,-1.466
-0.5626025487471155,0.5060053799307888,0.5809912157814235,4.041,1.516,-1.466
-0.5167199052465181,0.6812831863397626,0.31278860952644416,4.041,1.516,-1.466
-0.33610598240023315,0.5925491722110909,0.4990101871408768,4.041,1.516,-1.466
-0.7283495724825011,-0.18659759119274544,0.3925962662320938,4.041,1.516,-1.466
-0.3957666220939174,0.7704943693377752,0.5803327430937822,4.041,1.516,-1.466
-0.865855432244808,0.12549333146162844,0.3181993350978871,4.041,1.516,-1.466
-0.6197351016710942,-0.10245824076501148,0.7820295746507837,4.041,1.516,-1.466
-0.39172832936007335,0.7812563030059788,0.46810273333007224,4.041,1.516,-1.466
-0.4922654717252912,0.17541265112643525,0.4358684668017109,4.041,1.516,-1.466
-0.7327421688769339,-0.020372988179757655,0.5189935671025953,4.041,1.516,-1.466
-0.5708253317761901,0.37900988267885477,0.3571906439652097,4.041,1.516,-1.466
-0.5133214704690054,0.41358914935503766,0.4936548681801157,4.041,1.516,-1.466
-0.6437321523100278,0.19240128908608392,0.47027150407967416,4.041,1.516,-1.466
-0.5167399210793758,0.10570090208276361,0.4727614811263262,4.041,1.516,-1.466
-0.4117664443183929,0.6771456267333471,0.6087430673223464,4.041,1.516,-1.466
-0.8128180621473694,0.27008727693441026,0.596477149609444,4.041,1.516,-1.466
-0.5352300481290672,0.4702592119787622,0.5385570693273021,4.041,1.516,-1.466
-0.6446488618507235,0.3025484645832199,0.44670288459072177,4.041,1.516,-1.466
-0.5297099185394614,0.7358320988830341,0.43965254240548934,4.041,1.516,-1.466
-0.49643710779065414,0.6089759321514648,0.45031277062336705,4.041,1.516,-1.466
-0.8492654388018335,-0.24359597674886893,0.6410775841428675,4.041,1.516,-1.466
-0.8481175716152395,-0.08396324616816546,0.5580811462135162,4.041,1.516,-1.466
-0.6160377357665482,0.050090055518848875,0.3138824559217429,4.041,1.516,-1.466
-0.5487171206662483,0.10317785351893748,0.686333794329782,4.041,1.516,-1.466
-0.5208025045626452,0.22441153571356626,0.5432753089906808,4.041,1.516,-1.466
-0.6122597767678164,-0.06163505245693526,0.6275836860757189,4.041,1.516,-1.466
-0.6414554029386197,-0.009369307902611871,0.6326706883330664,4.041,1.516,-1.466
-0.46218433094250405,0.2927858476031409,0.7047001273678415,4.041,1.516,-1.466
-0.26905486960677566,0.426330455877673,0.5554523905231388,4.041,1.516,-1.466
-0.6911710934186268,0.2710867978518591,0.48968265101553143,4.041,1.516,-1.466
-0.47960043766459165,-0.19723653964813284,0.7045401008810591,4.041,1.516,-1.466
-0.7157351039597554,0.4834211117488149,0.4522802405247971,4.041,1.516,-1.466
-0.6382340742792204,0.6410554149799171,0.4640126920590846,4.041,1.516,-1.466
-0.7176696107925623,-0.05623730604517686,0.5116058086879858,4.041,1.516,-1.466
-0.5111701698172005,-0.01719966269386298,0.6302795567591455,4.041,1.516,-1.466
-0.5721245987344085,0.10824884014661551,0.7939549909917564,4.041,1.516,-1.466
-0.45852097094347466,0.766972147360407,0.759534528940004,4.041,1.516,-1.466
-0.42764483346426035,0.571115896669046,0.7111669407151002,4.041,1.516,-1.466
-0.8576262751019096,-0.11829399393250223,0.6929596064017258,4.041,1.516,-1.466
-0.7881918651827158,0.03660788388278761,0.7383313309762576,4.041,1.516,-1.466
-0.7059675883661035,0.07956306305394567,0.5525158716548677,4.041,1.516,-1.466
-0.4109594438464981,0.7075566544796397,0.3793061784063922,4.041,1.516,-1.466
-0.47307100399653673,0.22399461606896795,0.5530832085976374,4.041,1.516,-1.466
-0.6473852068256025,0.2676514727564038,0.6584158062323155,4.041,1.516,-1.466
-0.2090981101119026,0.5844942261560911,0.5643543924859988,4.041,1.516,-1.466
-0.38504992553969586,0.45791115861763765,0.7908313889295719,4.041,1.516,-1.466
-0.17221803613228398,0.4870431663115109,0.736728671116678,4.041,1.516,-1.466
-0.7473235724262982,0.03580605518182519,0.44456128881248586,4.041,1.516,-1.466
-0.5061703250856994,0.5340000804257474,0.7523969811025717,4.041,1.516,-1.466
-0.45224504689302175,0.6708038685807073,0.6263781422910242,4.041,1.516,-1.466
-0.428473632204428,0.31119961848467637,0.6150890672957368,4.041,1.516,-1.466
-0.32771769015049107,0.4404105100880071,0.5038895295623983,4.041,1.516,-1.466
-0.5963836385458489,0.3209000260560996,0.5463582833574453,4.041,1.516,-1.466
-0.3329708783050548,0.40276328863067395,0.4831491702293745,4.041,1.516,-1.466
-0.40437748321817796,0.39982689834769514,0.46221359744358315,4.041,1.516,-1.466
-0.2343430666129951,0.6145052305145314,0.3994415821126531,4.041,1.516,-1.466
-0.691238834750786,0.18059901740821374,0.4703879841991333,4.041,1.516,-1.466
-0.6415596140814556,-0.31091389758145727,0.5625750549352987,4.041,1.516,-1.466
-0.32365172442777584,0.579912550495816,0.33001847762655395,4.041,1.516,-1.466
-0.38804713255429046,0.4738201256671237,0.3897590644896699,4.041,1.516,-1.466
-0.14895269575173908,0.5072618198768641,0.4406004781506486,4.041,1.516,-1.466
-0.40160658991418935,0.5774151857737577,0.5718423768484457,4.041,1.516,-1.466
-0.6276232083727321,0.17628865593649906,0.5647122384479608,4.041,1.516,-1.466
-0.6689713659602238,0.12108139178333964,0.7216135017296753,4.041,1.516,-1.466
-0.4973769967016813,0.443070652606877,0.6553526919452485,4.041,1.516,-1.466
-0.7379544223687026,-0.09885237807548478,0.6420827091346122,4.041,1.516,-1.466
-0.6488799543552886,0.520219450803315,0.6035934127906473,4.041,1.516,-1.466
-0.6810689488132213,-0.2816522235129672,0.6723673466429927,4.041,1.516,-1.466
-0.7860237161662504,-0.02682673409010172,0.7229190521632185,4.041,1.516,-1.466
-0.20847847765096855,0.47139446531134005,0.49402219736171865,4.041,1.516,-1.466
-0.27912385265797685,0.45771844974787307,0.3611544883477502,4.041,1.516,-1.466
-0.47466195586218246,0.3739261533938812,0.530980266105872,4.041,1.516,-1.466
-0.8877707267208717,-0.17361218413268678,0.6959550797036219,4.041,1.516,-1.466
-0.41082465899965714,0.8032868371607403,0.6373970113940115,4.041,1.516,-1.466
-0.43102915229126293,0.6235836440794633,0.6702448906941475,4.041,1.516,-1.466
-0.7064312429030631,-0.14125286193095024,0.7643720784547594,4.041,1.516,-1.466
-0.7650695847967363,0.04240156345383118,0.6175181772971783,4.041,1.516,-1.466
-0.5474660306080337,0.615280262763938,0.38410627765395,4.041,1.516,-1.466
-0.7431214251457943,-0.37159422785072926,0.7102998275662714,4.041,1.516,-1.466
-0.5114269302568482,-0.10731852770078874,0.7864573915888224,4.041,1.516,-1.466
-0.7677446400056633,-0.03280942993658274,0.4067499069605579,4.041,1.516,-1.466
-0.20796238807770148,0.6958598792087287,0.3151509720719557,4.041,1.516,-1.466
-0.42774998405612485,0.6656226220532394,0.7157909798546609,4.041,1.516,-1.466
-0.40023998146013345,0.36566397817251434,0.65524949941098,4.041,1.516,-1.466
-0.5416814287740509,0.2711396846880209,0.3532657008389386,4.041,1.516,-1.466
-0.7678751044267489,0.44699862859161443,0.7860560095471834,4.041,1.516,-1.466
-0.6464465530362639,0.4765390265859366,0.3670502568116596,4.041,1.516,-1.466
-0.7763764773104097,-0.026558402611288914,0.6487170260796651,4.041,1.516,-1.466
-0.6967987625272286,0.3357982300013068,0.4413179327148543,4.041,1.516,-1.466
-0.6857971389321201,0.3984014641158178,0.5701827780515824,4.041,1.516,-1.466
-0.5134857530393125,0.09022688878147193,0.49487622393851893,4.041,1.516,-1.466
-0.2904700901856262,0.5028196934730803,0.4507478228764364,4.041,1.516,-1.466
-0.2742990866167513,0.5743623345312817,0.4914531606203535,4.041,1.516,-1.466
-0.7779691018974847,-0.10258745447998567,0.33676429451149037,4.041,1.516,-1.466
-0.2790024252742789,0.6707774120539461,0.4824373736048341,4.041,1.516,-1.466
-0.856019853438951,-0.13737146378298992,0.6662186045146619,4.041,1.516,-1.466
-0.3574481378457817,0.4778509152777398,0.4931648287059992,4.041,1.516,-1.466
-0.5750577691962434,0.3372625506312949,0.5451130964207277,4.041,1.516,-1.466
-0.7805584983645213,0.23271517965738575,0.43595471934037544,4.041,1.516,-1.466
-0.5287747304094488,0.5916392342177845,0.4041794725637946,4.041,1.516,-1.466
-0.5363770117624684,0.7300941529413205,0.33390164265467615,4.041,1.516,-1.466
-0.3093631507802803,0.5698621653478209,0.7676058478460877,4.041,1.516,-1.466
-0.6754024712180426,0.12718377168023087,0.7053788255936149,4.041,1.516,-1.466
-0.4589279787424808,0.2549707103102211,0.31314416105041165,4.041,1.516,-1.466
-0.45700666258781153,-0.23464294772702685,0.4418431766208912,4.041,1.516,-1.466
-0.7496912699471174,0.08796327956643402,0.5591908988346279,4.041,1.516,-1.466
-0.25146893068832776,0.6313217081389615,0.7625419689902508,4.041,1.516,-1.466
-0.8481305729532855,-0.10040828221082025,0.6073819814782486,4.041,1.516,-1.466
-0.6066170861738779,-0.2648217485303953,0.776800068699843,4.041,1.516,-1.466
-0.6077141890449768,-0.17284685567451266,0.49234405505098977,4.041,1.516,-1.466
-0.467850285842016,0.19387125724782697,0.4371642548226715,4.041,1.516,-1.466
-0.4826708029249657,0.18663201288513226,0.3086562066945311,4.041,1.516,-1.466
-0.8842805648365203,-0.13876415866224567,0.3711772400206452,4.041,1.516,-1.466
-0.23119735046565454,0.6545268915032905,0.7507778795325208,4.041,1.516,-1.466
-0.6147616175703344,-0.16787257131278566,0.34086228131770047,4.041,1.516,-1.466
-0.47881050764864874,0.18280444886051173,0.42009679229319175,4.041,1.516,-1.466
-0.7032607897939653,-0.2322807965653081,0.6061733268224065,4.041,1.516,-1.466
-0.6726845771433494,0.4814558045149786,0.5418709906449997,4.041,1.516,-1.466
-0.2727981893978348,0.5925499377423745,0.3435598798901595,4.041,1.516,-1.466
-0.6288379676658411,0.5818875971835054,0.748806875954793,4.041,1.516,-1.466
-0.47398292961065425,0.17759222617665701,0.737741082505845,4.041,1.516,-1.466
-0.648299831068284,0.603471856151281,0.7433822330942141,4.041,1.516,-1.466
-0.6286793841858768,0.45558009668472865,0.6109430960789136,4.041,1.516,-1.466
-0.6927768368230481,0.21475397190345788,0.527881085600738,4.041,1.516,-1.466
-0.6466646121537403,-0.26195061688758065,0.7851006419512232,4.041,1.516,-1.466
-0.47756052906910196,0.45950601336816654,0.4270375868312547,4.041,1.516,-1.466
-0.5566266670208199,-0.082033884591135,0.6366643993163141,4.041,1.516,-1.466
-0.5508624843636662,0.6323597579040534,0.4000470009423869,4.041,1.516,-1.466
-0.5354587433436542,0.7218412071608681,0.42556439465583207,4.041,1.516,-1.466
-0.5335820214080349,0.13410199938890185,0.5208389726272761,4.041,1.516,-1.466
-0.5493200914003971,-0.22727169256141985,0.7584804798540946,4.041,1.516,-1.466
-0.24076035064719412,0.8058859811970885,0.3069235396713615,4.041,1.516,-1.466
-0.7825938766184306,0.04484908610942119,0.5791781179015503,4.041,1.516,-1.466
-0.16194020614005078,0.48890454604738515,0.5490495233102213,4.041,1.516,-1.466
-0.8262134245646336,0.14806103720525904,0.5047152405381519,4.041,1.516,-1.466
-0.5241332275219459,0.4952146039005643,0.7438783316481706,4.041,1.516,-1.466
-0.6135617037429706,0.2713590368777194,0.4748128601314163,4.041,1.516,-1.466
-0.857037041580847,0.07962728982662864,0.7904423019691922,4.041,1.516,-1.466
-0.6300341137843847,0.6311934186198956,0.4968391469160412,4.041,1.516,-1.466
-0.8541464318893383,0.1542477369516995,0.7626686232494766,4.041,1.516,-1.466
-0.8322604900086921,-0.2778772354473692,0.6737221777562628,4.041,1.516,-1.466
-0.7332786289368536,-0.032702850033761624,0.7430681020451477,4.041,1.516,-1.466
-0.6553996347637089,0.08717413681241586,0.6556299587904187,4.041,1.516,-1.466
-0.5139531238182468,0.051768241698556934,0.33662340118584944,4.041,1.516,-1.466
-0.47423042002515636,-0.22872493688065718,0.6915507484271357,4.041,1.516,-1.466
-0.19400249629740027,0.5434954017638925,0.6741230661194113,4.041,1.516,-1.466
-0.7199469191890105,-0.1061338935802066,0.3966955554276022,4.041,1.516,-1.466
-0.8485091748589686,-0.28360026341169925,0.5446253396577476,4.041,1.516,-1.466
-0.6745656395280664,0.03709109216622874,0.3044735741868313,4.041,1.516,-1.466
-0.40497324585241734,0.351853236258095,0.719602317985448,4.041,1.516,-1.466
-0.5685791653295368,-0.23631838819559042,0.6298895089580553,4.041,1.516,-1.466
-0.43072768256021604,0.38283124152704323,0.6649622630800178,4.041,1.516,-1.466
-0.7279983555466292,-0.10865636792031536,0.6623468437631115,4.041,1.516,-1.466
-0.5651057633201061,0.171550228783451,0.7273309531302707,4.041,1.516,-1.466
-0.7141401490745662,-0.13004569544603412,0.44059787342119167,4.041,1.516,-1.466
-0.5759606757993313,-0.1754525001626845,0.575502764837882,4.041,1.516,-1.466
-0.5795688746709753,0.5171876769671065,0.6904568333905694,4.041,1.516,-1.466
-0.5318530927626015,0.22383681173230932,0.45954932259973336,4.041,1.516,-1.466
-0.23466728904716475,0.48498251823077304,0.3891991846749717,4.041,1.516,-1.466
-0.5928614064749652,0.13307493303357487,0.3824966868203775,4.041,1.516,-1.466
-0.8927823375815919,0.07808196167949011,0.40379511421234565,4.041,1.516,-1.466
-0.6059634517180421,-0.2059467742048721,0.36476576814373846,4.041,1.516,-1.466
-0.3735819481841077,0.4269749524655585,0.7842855414822918,4.041,1.516,-1.466
-0.5913404683193364,-0.06953086946900121,0.30618599339962077,4.041,1.516,-1.466
-0.4759154650494213,0.203933872832813,0.6747538556603672,4.041,1.516,-1.466
-0.34639324434369495,0.8129131985088934,0.4527684832448631,4.041,1.516,-1.466
-0.7531043859444346,-0.15527615718706891,0.3378152083841627,4.041,1.516,-1.466
-0.39538244863634686,0.33927892930974196,0.4972905376976233,4.041,1.516,-1.466
-0.7033120385709916,0.28786674049331057,0.4232223361354989,4.041,1.516,-1.466
-0.6627375628576748,-0.08355209949627027,0.7316453501904248,4.041,1.516,-1.466
-0.7761917338830896,-0.10455208435568251,0.5179554507446855,4.041,1.516,-1.466
-0.74113528330845,-0.010170396993179653,0.460219313080662,4.041,1.516,-1.466
-0.7681904220767222,0.48388240714105735,0.3490671068655174,4.041,1.516,-1.466
-0.7222456018422375,-0.05579564290791507,0.6345531984584447,4.041,1.516,-1.466
-0.8183017401220594,-0.21345317710608605,0.6346407734355889,4.041,1.516,-1.466
-0.275839381208929,0.6780363654433221,0.3340796214194186,4.041,1.516,-1.466
-0.5274142962196023,0.045573177004912147,0.4053168798188212,4.041,1.516,-1.466
-0.5255399952547748,0.5895564300298031,0.7215827110648818,4.041,1.516,-1.466
-0.38765186865127566,0.3896169394976561,0.7845927609843093,4.041,1.516,-1.466
-0.6082496429424242,0.2481233133010735,0.6911823585339066,4.041,1.516,-1.466
-0.2634187022923448,0.7583566080160544,0.48673118118449665,4.041,1.516,-1.466
-0.6499394283797122,-0.16107924568015572,0.7924859473001464,4.041,1.516,-1.466
-0.6591649482530798,0.1945564208487405,0.7969554805364696,4.041,1.516,-1.466
-0.31680863107783364,0.38984144939536947,0.35031911695674267,4.041,1.516,-1.466
-0.6316110598107498,-0.3248976332467636,0.7687805803486821,4.041,1.516,-1.466
-0.29863866903760744,0.5218810621071001,0.5838003684899987,4.041,1.516,-1.466
-0.5337555815335757,-0.1907295598921478,0.5317266844832262,4.041,1.516,-1.466
-0.5479274447140609,0.02526648981676433,0.3406240649556691,4.041,1.516,-1.466
-0.7041033324159763,0.4491720731340546,0.4196265812987878,4.041,1.516,-1.466
-0.5563701891325539,0.24517975059214858,0.3097006941641775,4.041,1.516,-1.466
-0.6773104926637769,-0.15766302765880655,0.6942332110638259,4.041,1.516,-1.466
-0.7022904182644196,-0.16775422268363535,0.5253308483099173,4.041,1.516,-1.466
-0.3650785638669286,0.3691416458438489,0.6815966123203604,4.041,1.516,-1.466
-0.604479255601525,-0.10336287174124746,0.6431789348140389,4.041,1.516,-1.466
-0.6116956914009671,0.10570108391373569,0.5002782603802343,4.041,1.516,-1.466
-0.4672689451321294,0.7391076646718976,0.7941885660300056,4.041,1.516,-1.466
-0.904281383230368,-0.0003478501055964737,0.30103352466543865,4.041,1.516,-1.466
-0.8678530213102454,-0.21827166643957369,0.5260924876290685,4.041,1.516,-1.466
-0.5476004566336543,0.18562352548751307,0.43736366666321363,4.041,1.516,-1.466
-0.5182753130187416,-0.04212605735156208,0.7948039968579697,4.041,1.516,-1.466
-0.8552247338648881,-0.1278634132377816,0.4436950659059427,4.041,1.516,-1.466
-0.2623240036848226,0.6336249542194665,0.7029283213303865,4.041,1.516,-1.466
-0.6870134069619588,-0.28092259000401293,0.42525593712145043,4.041,1.516,-1.466
-0.6828082740809968,0.020527637313254538,0.5751356932390188,4.041,1.516,-1.466
-0.5762820594301259,0.583038268930078,0.7706143853603902,4.041,1.516,-1.466
-0.5262839568838523,-0.21331596464120395,0.46522131176183124,4.041,1.516,-1.466
-0.5861267211425516,-0.27827060451490554,0.73449036551673,4.041,1.516,-1.466
-0.30646888797562155,0.500000669525398,0.49054034709234395,4.041,1.516,-1.466
-0.6139364106696025,0.28812272903612884,0.43149045270744124,4.041,1.516,-1.466
-0.7926101450448734,0.2107457819401699,0.6095789946548162,4.041,1.516,-1.466
-0.39539094002436376,0.653401781050997,0.40177602380064886,4.041,1.516,-1.466
-0.3711475052673436,0.6605529220910864,0.43497239610647603,4.041,1.516,-1.466
-0.5337176435420629,-0.18304237952265745,0.7947262069919375,4.041,1.516,-1.466
-0.5041197747205587,0.33511787478690014,0.47095909910840394,4.041,1.516,-1.466
-0.191128967954832,0.5253358792999161,0.7220020771254487,4.041,1.516,-1.466
-0.279754991734902,0.5993511488726527,0.4101691410468467,4.041,1.516,-1.466
-0.6006219189620741,0.11088371247108143,0.7804431409553896,4.041,1.516,-1.466
-0.650412436901753,-0.2572469904950134,0.519457350162106,4.041,1.516,-1.466
-0.7163680358096435,0.112490628235704,0.397811355642745,4.041,1.516,-1.466
-0.580642836595127,-0.24141532269276147,0.43739463832902337,4.041,1.516,-1.466
-0.6612045216796424,0.01614037645071358,0.513219646168839,4.041,1.516,-1.466
-0.8927280707431903,-0.019406473835816115,0.6257428752861078,4.041,1.516,-1.466
-0.5180347480441195,-0.19443365130580575,0.6903223650491361,4.041,1.516,-1.466
-0.6870237773242518,-0.018275333797829557,0.699607076182184,4.041,1.516,-1.466
-0.21541663210075804,0.6388434916222344,0.7716174979912098,4.041,1.516,-1.466
-0.36512436270560433,0.6366137808409289,0.6742484275970904,4.041,1.516,-1.466
-0.40327615235523817,0.3647419505071867,0.3553083050382166,4.041,1.516,-1.466
-0.5033501233363695,0.6261769490037618,0.5000787311425077,4.041,1.516,-1.466
-0.48881696041567735,0.283344039357075,0.3928759385867665,4.041,1.516,-1.466
-0.6796189814205944,0.6032538082349159,0.7859334815719902,4.041,1.516,-1.466
-0.7192719386646104,0.0694712679361534,0.3247649420605565,4.041,1.516,-1.466
-0.577205827531935,0.08393436369180308,0.5965949438404325,4.041,1.516,-1.466
-0.366331287368324,0.3820037980326051,0.6938874794154672,4.041,1.516,-1.466
-0.6173176392385711,0.61673306250105,0.3387123804055277,4.041,1.516,-1.466
-0.6585902362305182,0.2480462859645463,0.3832387015519697,4.041,1.516,-1.466
-0.603078018558806,0.5961721574419366,0.7539195316663652,4.041,1.516,-1.466
-0.32030183245028415,0.5617493055394274,0.4301704945169049,4.041,1.516,-1.466
-0.6009710478835792,-0.18762194687550723,0.7993932401274237,4.041,1.516,-1.466
-0.7085981668605138,0.5282922561892354,0.6708851440322202,4.041,1.516,-1.466
-0.35977043250770213,0.3478222059782859,0.49495290213109605,4.041,1.516,-1.466
-0.4266220309136968,0.26455008050898465,0.3020865073611138,4.041,1.516,-1.466
-0.690223817995976,0.18774373725273327,0.3933450109163021,4.041,1.516,-1.466
-0.597061539050823,0.21381547201333587,0.6847781492262964,4.041,1.516,-1.466
-0.596201488602865,-0.02451952721857176,0.44528239360335076,4.041,1.516,-1.466
-0.6850470645524008,-0.3597602091510452,0.6168838390805003,4.041,1.516,-1.466
-0.493376429048896,0.6016361620243107,0.37052902084798406,4.041,1.516,-1.466
-0.29751970028648067,0.4996541952821734,0.5934876547017087,4.041,1.516,-1.466
-0.6055148267551543,-0.10670098858822402,0.6033546769375602,4.041,1.516,-1.466
-0.7752494227172291,-0.06040231376298165,0.5481123421678515,4.041,1.516,-1.466
-0.24328289407248135,0.516208706101545,0.4668605559279314,4.041,1.516,-1.466
-0.6914233819294981,0.5432057859403048,0.5443927289668062,4.041,1.516,-1.466
-0.26867708665055884,0.5819608904849912,0.6317458221920318,4.041,1.516,-1.466
-0.19851835556148076,0.5615690623253342,0.3298327240592439,4.041,1.516,-1.466
-0.19990838726832852,0.4772478041521515,0.4614270347354123,4.041,1.516,-1.466
-0.3407258374175457,0.5813690883097793,0.7785415948182468,4.041,1.516,-1.466
-0.4842475711744208,0.38060378996291994,0.6401518530512088,4.041,1.516,-1.466
-0.6237481999424389,0.4437077835645859,0.7829108012542924,4.041,1.516,-1.466
-0.7954749378873975,-0.31138086451564584,0.7888895128773745,4.041,1.516,-1.466
-0.8383006385599578,-0.22618927718573315,0.7958025885061217,4.041,1.516,-1.466
-0.7978103037665417,-0.015713556059535033,0.7312201354071937,4.041,1.516,-1.466
-0.8233623250728291,-0.2330069058519526,0.3118587571846268,4.041,1.516,-1.466
-0.3168035542469675,0.4530884488930794,0.43483630776731774,4.041,1.516,-1.466
-0.7000399222633304,-0.2768230081810746,0.6448763440893683,4.041,1.516,-1.466
-0.5999818371544923,-0.08437930056101915,0.5418244960716996,4.041,1.516,-1.466
-0.8377215716161373,-0.22559355352018376,0.5630476498517544,4.041,1.516,-1.466
-0.740665001042087,-0.23421024447723837,0.5791928046763444,4.041,1.516,-1.466
-0.5909383835478692,0.26500916274326963,0.5859374534540354,4.041,1.516,-1.466
-0.44977963367195223,0.4417729987526157,0.5688775987657759,4.041,1.516,-1.466
-0.8712976339847939,-0.022758340474575135,0.671789292346513,4.041,1.516,-1.466
-0.4653366163144192,0.5022297680709057,0.38241016911295345,4.041,1.516,-1.466
-0.3871352991498026,0.751391767928085,0.37657000765423915,4.041,1.516,-1.466
-0.27171045281051914,0.4208596679693751,0.46602401529204424,4.041,1.516,-1.466
-0.5101426714005347,-0.19980408517498782,0.5699630661005282,4.041,1.516,-1.466
-0.5080901487823298,0.5882412101381523,0.47617351090477006,4.041,1.516,-1.466
-0.6208221058928721,0.1476379568720087,0.5548139991635699,4.041,1.516,-1.466
-0.8155410682092844,0.19977405439532944,0.5345029880341983,4.041,1.516,-1.466
-0.3818511436944931,0.8196134356802746,0.6547839898887673,4.041,1.516,-1.466
-0.4033690772968332,0.43473062993462774,0.6224775570750518,4.041,1.516,-1.466
-0.41083826706136234,0.4903747343096952,0.696357866511994,4.041,1.516,-1.466
-0.4972924974884203,0.45748890441277873,0.5733023959713834,4.041,1.516,-1.466
-0.8288809453959686,-0.349759591067281,0.6664939027707508,4.041,1.516,-1.466
-0.5781568518759133,-0.21884948415804903,0.771937653098371,4.041,1.516,-1.466
-0.32972170702007675,0.6396453911631325,0.5837184115855205,4.041,1.516,-1.466
-0.594193711760265,0.10689456695912898,0.7188273633137707,4.041,1.516,-1.466
-0.7172879967313355,-0.2720579515343488,0.6574651815451724,4.041,1.516,-1.466
-0.8508274285503914,0.004669339223345211,0.6569492515885347,4.041,1.516,-1.466
-0.5824605475536357,-0.14183303013912588,0.39374102381915266,4.041,1.516,-1.466
-0.5846482344339663,0.5488642357938475,0.4568439856180163,4.041,1.516,-1.466
-0.18617036402816575,0.6025312971447764,0.49836703341553507,4.041,1.516,-1.466
-0.5230241031657502,-0.21228938136759967,0.7079962510286726,4.041,1.516,-1.466
-0.7832678891072866,0.2755407422820947,0.35101697354461875,4.041,1.516,-1.466
-0.5884626609335709,0.23685702056939964,0.49396810309080497,4.041,1.516,-1.466
-0.8579335261134594,-0.2431029470525551,0.3812149952673608,4.041,1.516,-1.466
-0.6516311033162121,0.4154371672095304,0.7921435856008995,4.041,1.516,-1.466
-0.635744568847061,0.5415150778867314,0.41745692197078216,4.041,1.516,-1.466
-0.7845942753911155,0.4177873555667322,0.5697497013023098,4.041,1.516,-1.466
-0.4580069991407357,0.5120719155285579,0.4972269844478648,4.041,1.516,-1.466
-0.8148010462426912,0.21112754367176914,0.3953328157685982,4.041,1.516,-1.466
-0.2095528882773658,0.6230083962680174,0.5024655278307611,4.041,1.516,-1.466
-0.8006881756334688,0.1682037237829411,0.5371065277031606,4.041,1.516,-1.466
-0.48901132196643654,0.6252749396904916,0.5999086419864581,4.041,1.516,-1.466
-0.5155804993830556,0.1388167376168475,0.49520216593206184,4.041,1.516,-1.466
-0.8222872122074845,-0.03580760852890426,0.396763426852678,4.041,1.516,-1.466
-0.4014022326585781,0.6345274995684995,0.41527200195171293,4.041,1.516,-1.466
-0.31336902910544107,0.43648650165627917,0.48385908528006766,4.041,1.516,-1.466
-0.5685171670601608,0.4352786435454107,0.3409262296811188,4.041,1.516,-1.466
-0.585943269879451,-0.21282312339898604,0.6294045473073242,4.041,1.516,-1.466
-0.5690727532975932,0.5709306193177132,0.35511254946889403,4.041,1.516,-1.466
-0.46290952147275444,0.6057535548852976,0.6502555322994441,4.041,1.516,-1.466
-0.7548649753219805,0.31334065570642744,0.5676873461519603,4.041,1.516,-1.466
-0.7030482649441598,-0.34160202569606624,0.735827684185798,4.041,1.516,-1.466
-0.6989933638394511,0.005511870653732922,0.6044632591736989,4.041,1.516,-1.466
-0.48982885314372304,0.3175877300690308,0.5954471701932321,4.041,1.516,-1.466
-0.45597165491784214,0.4616741837217406,0.6755263324028078,4.041,1.516,-1.466
-0.5111598944069459,0.2145206704999373,0.43626745797273975,4.041,1.516,-1.466
-0.4381009427778068,0.7301514970634729,0.693492837074038,4.041,1.516,-1.466
-0.5578488096555846,-0.14371677702314337,0.5101531717215947,4.041,1.516,-1.466
-0.8421708272242671,0.11234093525757358,0.3403806831752319,4.041,1.516,-1.466
-0.8592325417877916,0.20197816356336118,0.7705152289512651,4.041,1.516,-1.466
-0.695251156857059,0.03661033724790153,0.3390394428561796,4.041,1.516,-1.466
-0.8043814080851552,-0.03953474912751122,0.5919546497634897,4.041,1.516,-1.466
-0.5840128651805615,0.5930047225517967,0.5319121188196485,4.041,1.516,-1.466
-0.4023853527377525,0.5448375322655978,0.3268408010702568,4.041,1.516,-1.466
-0.7140369104186669,0.3148702979159809,0.6886167702453907,4.041,1.516,-1.466
-0.31020662484273775,0.8370556624615273,0.4046076755396756,4.041,1.516,-1.466
-0.6170952004258672,0.22972700333478277,0.3377125773280336,4.041,1.516,-1.466
-0.639728833625099,-0.3103912200119839,0.6297638781873885,4.041,1.516,-1.466
-0.33301671887988166,0.7416294152248206,0.39362425412873225,4.041,1.516,-1.466
-0.17679317877044107,0.5895221767211796,0.765511663735142,4.041,1.516,-1.466
-0.499593266297452,0.1492795412660048,0.5690421217055961,4.041,1.516,-1.466
-0.8666434367571526,-0.07750104940213164,0.6597442684010364,4.041,1.516,-1.466
-0.4725635633360333,0.6766391967255634,0.6842532933949692,4.041,1.516,-1.466
-0.6621914789761849,-0.2716366505296747,0.5131887119703633,4.041,1.516,-1.466
-0.8182248708442693,-0.19135516646339515,0.6173758056459424,4.041,1.516,-1.466
-0.6086180319874519,0.4382594204108,0.5869098777519435,4.041,1.516,-1.466
-0.5597846730090482,0.3298502663364269,0.31909618707704884,4.041,1.516,-1.466
-0.5611734218056578,0.3065350519018786,0.6517421902899063,4.041,1.516,-1.466
-0.5074360901141595,-0.13683909248076656,0.5559009487750348,4.041,1.516,-1.466
-0.889522268015044,-0.16297572226813728,0.7158969614682921,4.041,1.516,-1.466
-0.8903726705953053,-0.09857830483175213,0.5692989533780051,4.041,1.516,-1.466
-0.5627756414918758,0.3536041389369149,0.7963861422889184,4.041,1.516,-1.466
-0.7689887732601643,-0.095037789064894,0.791915478864196,4.041,1.516,-1.466
-0.7511018677830935,0.34467814616768705,0.7904785158444703,4.041,1.516,-1.466
-0.5061122953847568,0.6260195647654898,0.6061888484507532,4.041,1.516,-1.466
-0.5220851931623648,0.7119479902084821,0.4533162951826264,4.041,1.516,-1.466
-0.263672779078591,0.6172611889553083,0.4998316244689949,4.041,1.516,-1.466
-0.48428893629924635,0.22262185281311783,0.7725335213114223,4.041,1.516,-1.466
-0.22079668193283425,0.6237081711197211,0.3624578139144293,4.041,1.516,-1.466
-0.5914707869999551,0.05546003054116129,0.5830262368741634,4.041,1.516,-1.466
-0.465893396295057,0.3160777458077239,0.33626387915070016,4.041,1.516,-1.466
-0.8363166187137484,0.11370925670324991,0.3338875519608796,4.041,1.516,-1.466
-0.4740485484836405,0.2085648751858014,0.7826634508395052,4.041,1.516,-1.466
-0.8101867861825419,-0.12892936645443723,0.4290476916370436,4.041,1.516,-1.466
-0.804589851480476,0.01923211278407063,0.6168757310236536,4.041,1.516,-1.466
-0.6120462465094837,-0.0677413791446169,0.3458213569114488,4.041,1.516,-1.466
-0.5270509283375054,0.24389298811983112,0.761452173860233,4.041,1.516,-1.466
-0.716033290940723,0.03158217981044067,0.5092207722995271,4.041,1.516,-1.466
-0.751967334535893,0.440477858220071,0.4204661768922303,4.041,1.516,-1.466
-0.6692937645334525,0.11500522753440359,0.7238756036058628,4.041,1.516,-1.466
-0.5930617913818721,0.1802949778700973,0.7587829125192634,4.041,1.516,-1.466
-0.18378146453342875,0.5623749240647673,0.38948013780886565,4.041,1.516,-1.466
-0.5626076540988618,0.43957174560534595,0.5795351218074154,4.041,1.516,-1.466
-0.3366755269657304,0.4055072478183677,0.4954083995289011,4.041,1.516,-1.466
-0.5820634169853461,-0.2514230083112662,0.46734776234197806,4.041,1.516,-1.466
-0.544008615816955,0.6216678749012804,0.3723785568732129,4.041,1.516,-1.466
-0.3705285157702676,0.38271244391304776,0.4730459338711602,4.041,1.516,-1.466
-0.46863194346145814,0.293352616173391,0.31973652505055344,4.041,1.516,-1.466
-0.7693364300077654,-0.40427275856449063,0.7500643603609987,4.041,1.516,-1.466
-0.5257896907535119,0.4417646153076319,0.47519718588479665,4.041,1.516,-1.466
-0.2493579028497579,0.8156846218583644,0.43432129742099507,4.041,1.516,-1.466
-0.5470850204501121,0.12677176794076506,0.5696949735857553,4.041,1.516,-1.466
-0.2494369870270079,0.5456395761539752,0.42156609785176663,4.041,1.516,-1.466
-0.46759202557464924,0.6244486150828064,0.3234000732252094,4.041,1.516,-1.466
-0.5416406516678895,-0.1998972279021012,0.590780087676116,4.041,1.516,-1.466
-0.7537050814951357,0.09163976397204993,0.7444486632492724,4.041,1.516,-1.466
-0.7312497809984322,-0.1524501203167151,0.3464363413220605,4.041,1.516,-1.466
-0.4894970965507881,0.23586118528184816,0.6829067359020348,4.041,1.516,-1.466
-0.5279553641175756,-0.137784444054277,0.4464353412380937,4.041,1.516,-1.466
-0.7060412614250305,0.09699463179656227,0.5745054491768451,4.041,1.516,-1.466
-0.5202741738848949,0.30660976065482864,0.7918937265791719,4.041,1.516,-1.466
-0.49107712752567345,0.1829907028227178,0.4130791657305708,4.041,1.516,-1.466
-0.7305007185877367,-0.26025862736114147,0.47910371826544745,4.041,1.516,-1.466
-0.4949839157076442,-0.16371207370868454,0.3714598031155973,4.041,1.516,-1.466
-0.49495855905076996,0.4032811605080321,0.42782960167233325,4.041,1.516,-1.466
-0.5313602114381674,0.4467568616953721,0.799771800751631,4.041,1.516,-1.466
-0.1706239187834724,0.5930287445348521,0.42906254441434777,4.041,1.516,-1.466
-0.6799009628748263,0.13823645015787953,0.42972280636388294,4.041,1.516,-1.466
-0.3714664962023031,0.75671934500628,0.3309967917325482,4.041,1.516,-1.466
-0.48530966974949735,-0.21111285832896431,0.4231067873328118,4.041,1.516,-1.466
-0.4837932815537032,0.46739428517134646,0.43641839553706246,4.041,1.516,-1.466
-0.7409859184215539,-0.04856189047892089,0.6190520598155442,4.041,1.516,-1.466
-0.5284862606376125,-0.0691319391500136,0.508454484201148,4.041,1.516,-1.466
-0.7870247432104719,0.17824819320761665,0.6577442528137308,4.041,1.516,-1.466
-0.8112099202441796,0.34366889448116844,0.7543358844555064,4.041,1.516,-1.466
-0.2508420506526042,0.8647327980820047,0.6896616475231179,4.041,1.516,-1.466
-0.6964672783174619,0.13222423653013105,0.31384045596031285,4.041,1.516,-1.466
-0.673236872883157,-0.11580768889048226,0.42308846340150913,4.041,1.516,-1.466
-0.5114408992342817,0.07311568227024712,0.5033657489913742,4.041,1.516,-1.466
-0.3876618942734967,0.7277423939081713,0.6091756771237142,4.041,1.516,-1.466
-0.5979348123941334,0.5963347535001227,0.47357654394535464,4.041,1.516,-1.466
-0.791650001100253,-0.27193108428119045,0.6483434002177284,4.041,1.516,-1.466
-0.8591079263191111,-0.017633453339023445,0.6776663266702266,4.041,1.516,-1.466
-0.2617421584140429,0.7362595330525327,0.38194711005096577,4.041,1.516,-1.466
-0.5540849781368701,0.1878785551680933,0.375411512485771,4.041,1.516,-1.466
-0.29216504220775896,0.7715764860991899,0.7556480938934573,4.041,1.516,-1.466
-0.45106008602247827,0.28366760993259416,0.31048986481621477,4.041,1.516,-1.466
-0.7056862279404422,0.5515073863864058,0.46120409051311684,4.041,1.516,-1.466
-0.49830830298342166,0.31697916655660363,0.6626507223332281,4.041,1.516,-1.466
-0.3783078802823515,0.6649248523743111,0.4071936590576901,4.041,1.516,-1.466
-0.7768850718302608,0.20831009997585012,0.730545542820209,4.041,1.516,-1.466
-0.7287185524592221,0.23275166987657983,0.666194748870182,4.041,1.516,-1.466
-0.5292729176348142,0.1464662461232148,0.7755628746346606,4.041,1.516,-1.466
-0.2974039884532059,0.4134621543289107,0.7528438192171437,4.041,1.516,-1.466
-0.2555723458221771,0.6764114970220825,0.683712784008085,4.041,1.516,-1.466
-0.16591965062778255,0.5179619908347691,0.35606793842378076,4.041,1.516,-1.466
-0.6869624717369504,0.5662981988011377,0.3501523234903141,4.041,1.516,-1.466
-0.7645074803927998,0.3318450198099506,0.4460671673180335,4.041,1.516,-1.466
-0.8041276268878097,0.3022851552552727,0.6319842977986547,4.041,1.516,-1.466
-0.6241523134019374,0.44793081391544853,0.4323311460773118,4.041,1.516,-1.466
-0.5209604499028053,-0.22665033451117464,0.6648364871969165,4.041,1.516,-1.466
-0.47324221589677995,0.3365411646634793,0.5905553732977571,4.041,1.516,-1.466
-0.3095742624431832,0.7738423830541903,0.3293135566695185,4.041,1.516,-1.466
-0.5641612654282784,0.14471828151699093,0.5751155397847807,4.041,1.516,-1.466
-0.6653992382166294,-0.3220287482693481,0.6062031158804463,4.041,1.516,-1.466
-0.23064163444016225,0.47194066976749016,0.4774794247395451,4.041,1.516,-1.466
-0.7357759170350257,0.08273413367415791,0.425044304708887,4.041,1.516,-1.466
-0.6282474432795249,0.5760239858439545,0.6324653494451026,4.041,1.516,-1.466
-0.8453415009318208,0.2709496596935912,0.5401063910234429,4.041,1.516,-1.466
-0.5230623124150262,-0.20672174498383164,0.5755406020126788,4.041,1.516,-1.466
-0.5457602841176891,0.16756057247174444,0.3355995672462889,4.041,1.516,-1.466
-0.18020923506500452,0.5936009486781646,0.4122803587592609,4.041,1.516,-1.466
-0.6921983070731289,-0.15438046224244256,0.5304006754651625,4.041,1.516,-1.466
-0.782935766612724,-0.35485636715230356,0.6821936051609356,4.041,1.516,-1.466
-0.8253437838006099,0.23272887180801488,0.5262546697864806,4.041,1.516,-1.466
-0.5694132276164854,-0.2503703005111556,0.5118325751820447,4.041,1.516,-1.466
-0.7438673559058812,-0.194665888943776,0.5173378265261952,4.041,1.516,-1.466
-0.4439452710169462,0.6188752700111649,0.3986021672603971,4.041,1.516,-1.466
-0.5306304642026977,-0.20391588199034227,0.7330244200303723,4.041,1.516,-1.466
-0.8176959811107366,0.11786453580197404,0.3192170511148605,4.041,1.516,-1.466
-0.8411301595424556,-0.2304380337803641,0.5319916389696019,4.041,1.516,-1.466
-0.5138802901555802,0.6547097672763771,0.509194356090652,4.041,1.516,-1.466
-0.9015823656378658,0.057518943183742274,0.7781519222572075,4.041,1.516,-1.466
-0.8508668489507639,-0.09758824082567638,0.6418704117947183,4.041,1.516,-1.466
-0.63505814291726,0.5643392427787615,0.7139611825826568,4.041,1.516,-1.466
-0.8654948199693879,-0.016716979966776502,0.7859335047482543,4.041,1.516,-1.466
-0.5848230285711474,-0.298348381880365,0.589256821002951,4.041,1.516,-1.466
-0.5068426772567728,0.20186286958912258,0.7180505633250239,4.041,1.516,-1.466
-0.5050765050311599,-0.20635702683476653,0.6652685496728378,4.041,1.516,-1.466
-0.5657143717693921,0.5861597958512388,0.3103921117374536,4.041,1.516,-1.466
-0.25433630586501255,0.5339448763417904,0.3587502126000648,4.041,1.516,-1.466
-0.8035244087499379,-0.42272932960155835,0.36101149436858443,4.041,1.516,-1.466
-0.5254171531141612,0.2581718954795637,0.5383529766493924,4.041,1.516,-1.466
-0.5946437020038033,0.39755058735337834,0.5435230784064056,4.041,1.516,-1.466
-0.40854375354237554,0.6897352078051796,0.795417805080371,4.041,1.516,-1.466
-0.6768807883903416,0.2457897084047413,0.7224654632321754,4.041,1.516,-1.466
-0.5111294780059736,0.19220363349752498,0.36288511751409214,4.041,1.516,-1.466
-0.7097380174351309,-0.12812228647034948,0.5915781397021641,4.041,1.516,-1.466
-0.4209975507960882,0.7924265162690527,0.5546398454005297,4.041,1.516,-1.466
-0.36437675605928355,0.7713753709126636,0.6070057696038513,4.041,1.516,-1.466
-0.7868157903623277,0.2549712339830606,0.43618686322589406,4.041,1.516,-1.466
-0.4192794287822544,0.4415507716166202,0.769273169553661,4.041,1.516,-1.466
-0.5888142393146238,-0.3081403868210315,0.4933711385017746,4.041,1.516,-1.466
-0.36643919161282074,0.6290112969355912,0.5339937676761417,4.041,1.516,-1.466
-0.7588828896364528,-0.3267160577597957,0.7225085681534991,4.041,1.516,-1.466
-0.3364738933844247,0.7633093498922372,0.5493738446532631,4.041,1.516,-1.466
-0.23509766362289314,0.6790270414145255,0.7222887366643628,4.041,1.516,-1.466
-0.8295740432173518,0.1997124294633922,0.4108094364658149,4.041,1.516,-1.466
-0.8856230799056127,0.06802185467011053,0.7769026076120968,4.041,1.516,-1.466
-0.7404011705911211,0.41465627341944933,0.5737162495712996,4.041,1.516,-1.466
-0.4870084970985301,0.16250481079831772,0.3843802617129074,4.041,1.516,-1.466
-0.6143787977651805,0.1998615718519358,0.637052139833983,4.041,1.516,-1.466
-0.29423729991190334,0.8402007645346546,0.4669379100139482,4.041,1.516,-1.466
-0.6367003537807151,0.18451222182158825,0.3926934463247953,4.041,1.516,-1.466
-0.5520027287829604,0.5140820035593421,0.35604432304099215,4.041,1.516,-1.466
-0.6691384127122904,0.1422335323537991,0.7425248482505306,4.041,1.516,-1.466
-0.5001746212576504,0.10193239058270671,0.30872715071134854,4.041,1.516,-1.466
-0.5930786795973836,0.3247366375161313,0.3170084219240652,4.041,1.516,-1.466
-0.5115878534531515,-0.10128148867439332,0.4020853091757457,4.041,1.516,-1.466
-0.3768159460992143,0.7435002618597745,0.7140893125471843,4.041,1.516,-1.466
-0.7988132444762247,0.3326983084946267,0.6476502599854073,4.041,1.516,-1.466
-0.7565645987771685,-0.1922277217997463,0.6964812080983609,4.041,1.516,-1.466
-0.5949706513890322,0.36782491261477857,0.7108018550086502,4.041,1.516,-1.466
-0.8042503444803069,0.3254225611384121,0.5854787899429028,4.041,1.516,-1.466
-0.634292081269284,0.18361295466140418,0.7846823167842535,4.041,1.516,-1.466
-0.16094601177664014,0.5222439105366176,0.3834653673023838,4.041,1.516,-1.466
-0.3613264965004745,0.469709273871975,0.5414547834335128,4.041,1.516,-1.466
-0.3500758271813264,0.8013970501768336,0.7430921310635425,4.041,1.516,-1.466
-0.6078861146629765,-0.14803440211513805,0.5013958741213262,4.041,1.516,-1.466
-0.8077410546645191,0.1430484418120044,0.36093579565503076,4.041,1.516,-1.466
-0.2358787059900146,0.47444026203019873,0.7073529748973604,4.041,1.516,-1.466
-0.57577518934963,-0.10873746727817996,0.7806568964779061,4.041,1.516,-1.466
-0.8427950167883018,-0.2250096339478917,0.6832521962466854,4.041,1.516,-1.466
-0.5026175196912241,-0.07459982127115379,0.4353941416300335,4.041,1.516,-1.466
-0.6127043704026574,0.3074784913318557,0.44558607477538315,4.041,1.516,-1.466
-0.4526009841027063,0.5089381170556196,0.6772008874491321,4.041,1.516,-1.466
-0.516551228456765,0.3633020464981377,0.3022654749363509,4.041,1.516,-1.466
-0.6809980606535293,-0.12030998293819972,0.7378222081968083,4.041,1.516,-1.466
-0.1791812239968453,0.50685060185855,0.7030309117348221,4.041,1.516,-1.466
-0.834425336945451,-0.15207354133278875,0.4121026927412098,4.041,1.516,-1.466
-0.6073876897732001,-0.06478509643262892,0.7019053381119673,4.041,1.516,-1.466
-0.7742718349851627,0.19306161601782115,0.6864804825582072,4.041,1.516,-1.466
-0.5490842148175938,0.4924423990995922,0.507726009216549,4.041,1.516,-1.466
-0.3378992102908596,0.546618874662971,0.3613379512986212,4.041,1.516,-1.466
-0.7338135697553849,0.3012267104618803,0.4565244199784672,4.041,1.516,-1.466
-0.16166234572778973,0.5155906264060188,0.5499345251966126,4.041,1.516,-1.466
-0.4991000102519634,-0.14105385150920652,0.7139450601091146,4.041,1.516,-1.466
-0.1883301383844289,0.4706917424736123,0.530487044798245,4.041,1.516,-1.466
-0.694684820579001,0.2630324123732162,0.5799672532787696,4.041,1.516,-1.466
-0.3406492519903477,0.8421974501704648,0.5196310421455864,4.041,1.516,-1.466
-0.6982970772054713,0.16661467086789425,0.7006077393819947,4.041,1.516,-1.466
-0.3257558117880661,0.7734406828679008,0.34946255663602976,4.041,1.516,-1.466
-0.7343580415108413,0.09626233579418834,0.4782175231807765,4.041,1.516,-1.466
-0.47050224313963424,0.7380566021596175,0.5545381864720613,4.041,1.516,-1.466
-0.7154094437191117,0.3425393488917828,0.5195816809016254,4.041,1.516,-1.466
-0.44913144422357976,0.5846144252581664,0.7674020289162311,4.041,1.516,-1.466
-0.5165312236837936,0.5740060033711396,0.6647555974805459,4.041,1.516,-1.466
-0.7735101705076225,-0.21148358020018593,0.619028372110789,4.041,1.516,-1.466
-0.5772848638892751,-0.0937096167982988,0.3776266334141062,4.041,1.516,-1.466
-0.4155682268683945,0.35996849105008777,0.5721088780414393,4.041,1.516,-1.466
-0.5828079518803723,-0.025865648494660935,0.6288077032635023,4.041,1.516,-1.466
-0.6553450820925031,0.36848244419400006,0.7786618047509071,4.041,1.516,-1.466
-0.8421469946130898,-0.12772596368741845,0.34684682736795774,4.041,1.516,-1.466
-0.5018714849711993,0.09607634953388225,0.5483846605586749,4.041,1.516,-1.466
-0.5159824772767367,0.11485180807140777,0.4289368123517036,4.041,1.516,-1.466
-0.3175524715416962,0.6455930722354015,0.43949916482613405,4.041,1.516,-1.466
-0.6935628177734368,0.42920031569684036,0.4735733382841574,4.041,1.516,-1.466
-0.7229489233835905,-0.16116670939024377,0.5105494077312459,4.041,1.516,-1.466
-0.754566866057088,-0.21843343648299238,0.3325159102192692,4.041,1.516,-1.466
-0.20714311365649962,0.7123164303394622,0.6098661098490967,4.041,1.516,-1.466
-0.5012106079288469,0.5255978549419048,0.7254184631150966,4.041,1.516,-1.466
-0.424290479674277,0.5998388582507733,0.6987608907499026,4.041,1.516,-1.466
-0.6626082474484724,0.5735908769892311,0.4752629590022729,4.041,1.516,-1.466
-0.5700172667892901,0.6218421172878478,0.7483947512748592,4.041,1.516,-1.466
-0.440632485847554,0.326051185625166,0.46423986871945194,4.041,1.516,-1.466
-0.6310949244603128,-0.2879131313997634,0.668851941688785,4.041,1.516,-1.466
-0.842085193880568,0.33716982073188734,0.5143000296244256,4.041,1.516,-1.466
-0.480961978858033,0.5772144266069873,0.6802621649675527,4.041,1.516,-1.466
-0.2856168775367556,0.7257704950359025,0.33861122501606006,4.041,1.516,-1.466
-0.26695035712319576,0.582630788072167,0.33102753361473924,4.041,1.516,-1.466
-0.6255227730490363,0.5787946700399482,0.7958078184480167,4.041,1.516,-1.466
-0.25220057408878643,0.45044369037970483,0.4892147876689453,4.041,1.516,-1.466
-0.7250767429543961,0.12772100690091742,0.31183582517976133,4.041,1.516,-1.466
-0.5689837665545979,0.25696410176048945,0.6476801948028588,4.041,1.516,-1.466
-0.3855093391689877,0.8203802526878605,0.5812540971225328,4.041,1.516,-1.466
-0.7734477852370278,-0.31630973788837025,0.3019381554817746,4.041,1.516,-1.466
-0.7944925894358026,-0.08436292458902936,0.7225191659558237,4.041,1.516,-1.466
-0.8567231726776992,0.02400540344401713,0.4192068692301183,4.041,1.516,-1.466
-0.2291427814619823,0.675969602166017,0.6642881646822012,4.041,1.516,-1.466
-0.5065782968683435,-0.07428699524935219,0.761652109330214,4.041,1.516,-1.466
-0.7367608526396562,0.4198548410133612,0.7601307153719722,4.041,1.516,-1.466
-0.8463167087731787,-0.3121804211165963,0.7873358603152025,4.041,1.516,-1.466
-0.6304718639500123,0.4784595150821352,0.30015943168142334,4.041,1.516,-1.466
-0.47438496047427703,0.3904747850141871,0.35715899552589053,4.041,1.516,-1.466
-0.6050957303710361,0.3910019124647033,0.32097840824253354,4.041,1.516,-1.466
-0.5351139432170725,0.2813482844715669,0.5002891175016184,4.041,1.516,-1.466
-0.23585728194208297,0.6389803078143806,0.7387396865968664,4.041,1.516,-1.466
-0.7293864324833003,-0.320341581822304,0.4913277121097884,4.041,1.516,-1.466
-0.3049454111738039,0.7273173233826472,0.45564714574566895,4.041,1.516,-1.466
-0.6131555271548508,0.4959936513038538,0.3475037648668911,4.041,1.516,-1.466
-0.6029667639737327,0.11796920060542551,0.41509774234112945,4.041,1.516,-1.466
-0.482445070622878,0.4896186875295476,0.7930023648423672,4.041,1.516,-1.466
-0.615516802479068,-0.1554601768382932,0.41184560798788,4.041,1.516,-1.466
-0.5034104167134423,-0.23414878336554637,0.7227877165951344,4.041,1.516,-1.466
-0.406861838265859,0.31941004741798035,0.43303105249477236,4.041,1.516,-1.466
-0.5445563754154124,-0.06900147672845469,0.7868735474797207,4.041,1.516,-1.466
-0.6131002122849611,0.5440520936478758,0.73310772126436,4.041,1.516,-1.466
-0.7789679262709698,0.11581793942048554,0.6516975743789764,4.041,1.516,-1.466
-0.7946302194963767,0.026715216462908024,0.7969780011878451,4.041,1.516,-1.466
-0.4905574995725554,-0.2188686972838042,0.7252925104075968,4.041,1.516,-1.466
-0.14386078220282442,0.49746905040543854,0.5626551184977104,4.041,1.516,-1.466
-0.42669380897679293,0.6051531347201504,0.7152227997767775,4.041,1.516,-1.466
-0.660584977058685,0.08194038314670332,0.7215839802688591,4.041,1.516,-1.466
-0.6689220915787875,0.6050737098059004,0.6955271680693349,4.041,1.516,-1.466
-0.35635159529451416,0.7234165573021898,0.43201470068898473,4.041,1.516,-1.466
-0.6511352882880045,0.17958324884267046,0.4849996147125904,4.041,1.516,-1.466
-0.31877607369739624,0.5923484340202826,0.30075193671580036,4.041,1.516,-1.466
-0.44052454505026023,0.6736909029904928,0.5308321328911718,4.041,1.516,-1.466
-0.3351672399467645,0.4688910579571939,0.48531317345871183,4.041,1.516,-1.466
-0.6458877584462711,-0.20027355747844403,0.7148376775482088,4.041,1.516,-1.466
-0.7328261746546506,0.22442267168804697,0.7317743085228495,4.041,1.516,-1.466
-0.615936796223273,-0.21089054269551066,0.37364599549638494,4.041,1.516,-1.466
-0.4775641709774847,-0.15818508889345628,0.3071165799120255,4.041,1.516,-1.466
-0.19069141655085994,0.5180131706110214,0.6629801412784839,4.041,1.516,-1.466
-0.31481672117933207,0.7374998266696372,0.6689351930569551,4.041,1.516,-1.466
-0.5741362546983368,-0.21955222271379304,0.4482798759958139,4.041,1.516,-1.466
-0.6177779101737971,0.31575595121816746,0.6792821729554787,4.041,1.516,-1.466
-0.7798508467111231,-0.21321244819146806,0.3784733431774122,4.041,1.516,-1.466
-0.7364923636859493,0.24312358553505126,0.3706518575714806,4.041,1.516,-1.466
-0.531521289532463,0.20546667060477017,0.6865361436563407,4.041,1.516,-1.466
-0.336809488811699,0.7383230155718955,0.5575373380265973,4.041,1.516,-1.466
-0.26707745651321674,0.42666913578395965,0.3131477464506209,4.041,1.516,-1.466
-0.27477629534081544,0.6829888575530731,0.6031083146173908,4.041,1.516,-1.466
-0.5924569840632626,0.6337440072717377,0.4496251351559008,4.041,1.516,-1.466
-0.5386699038101564,0.1419273696948012,0.6315487242969309,4.041,1.516,-1.466
-0.47343181871700724,0.5684114710480237,0.7379246179705969,4.041,1.516,-1.466
-0.728113692408193,0.43303119345489216,0.703440964944351,4.041,1.516,-1.466
-0.4486260129065844,0.5085669684668054,0.309111744191586,4.041,1.516,-1.466
-0.3789129402278548,0.5181385565346509,0.4900124948430561,4.041,1.516,-1.466
-0.49919123866385035,-0.22187104718682216,0.4146041382259386,4.041,1.516,-1.466
-0.5922328212156787,0.2847998556472428,0.4859130132113884,4.041,1.516,-1.466
-0.864174871166804,0.07736587531012476,0.5320347720140859,4.041,1.516,-1.466
-0.6901722234312849,0.17142612236728225,0.5689329191463761,4.041,1.516,-1.466
-0.7368459051902939,-0.2209862122796348,0.6938001609085516,4.041,1.516,-1.466
-0.6049156218641453,-0.0406528115860699,0.45878833001124397,4.041,1.516,-1.466
-0.21367722476367437,0.5359128308696068,0.6577674947033731,4.041,1.516,-1.466
-0.23218846226411446,0.8072026751511644,0.69680087686715,4.041,1.516,-1.466
-0.7678743428685931,-0.14832648708309748,0.78660333109798,4.041,1.516,-1.466
-0.4646253365912356,0.753901764573595,0.6680220136187339,4.041,1.516,-1.466
-0.5900557723051134,0.12842766649268295,0.3368888032325458,4.041,1.516,-1.466
-0.5457857610294921,0.4845278712575775,0.3111347951062982,4.041,1.516,-1.466
-0.5191005109320952,0.17685769048160419,0.4877730562730633,4.041,1.516,-1.466
-0.8204399680675522,-0.11412851649688757,0.35365004331219213,4.041,1.516,-1.466
-0.2827885593367148,0.4476633698517286,0.7607388305820311,4.041,1.516,-1.466
-0.31996183119761623,0.564479368819547,0.6706415566640526,4.041,1.516,-1.466
-0.7149548507262735,0.4220498259364463,0.47276036140101374,4.041,1.516,-1.466
-0.6403044816796019,0.056088811387187486,0.382213134063476,4.041,1.516,-1.466
-0.5735447206343064,-0.27903716913609117,0.4028043964988865,4.041,1.516,-1.466
-0.7923567494696769,-0.19550986001620874,0.4346560233095148,4.041,1.516,-1.466
-0.2809788218644387,0.5620739039847785,0.3433424779241307,4.041,1.516,-1.466
-0.7443956896631995,0.4539947210941705,0.5301937385295217,4.041,1.516,-1.466
-0.5701003711793653,0.4034683310938407,0.7250728131951951,4.041,1.516,-1.466
-0.3759620365701621,0.569226935936448,0.41064418682346715,4.041,1.516,-1.466
-0.8158393377048764,0.08277111763012397,0.31896661908437285,4.041,1.516,-1.466
-0.7177150431267305,0.5016648893980206,0.32038614813906646,4.041,1.516,-1.466
-0.6018180675064712,-0.30545201598571214,0.7108469351294354,4.041,1.516,-1.466
-0.5699762726353974,0.13735836500655615,0.6939342174962564,4.041,1.516,-1.466
-0.5847113114193252,-0.020854875355305003,0.36216596287569264,4.041,1.516,-1.466
-0.333950148963461,0.4585906195161324,0.41741848282350336,4.041,1.516,-1.466
-0.4147196531221681,0.5638754246257893,0.6801795995905577,4.041,1.516,-1.466
-0.5612061868774342,0.5818682246436722,0.6386892097717827,4.041,1.516,-1.466
-0.4129934922433288,0.6701780556150546,0.4625345341203495,4.041,1.516,-1.466
-0.7489383842530335,-0.028353040170829454,0.7028760554098685,4.041,1.516,-1.466
-0.35881286529505585,0.41719002784736037,0.6205934993317819,4.041,1.516,-1.466
-0.48998116320994073,0.2686736798799677,0.5356834812981948,4.041,1.516,-1.466
-0.7155476906340485,-0.3013497540205494,0.3210557751144686,4.041,1.516,-1.466
-0.7221595993241445,-0.3424248269942861,0.7053417076144859,4.041,1.516,-1.466
-0.3347015524947373,0.5381559496491831,0.7400448542693201,4.041,1.516,-1.466
-0.7397385276508781,0.18848377179688747,0.7059665658182399,4.041,1.516,-1.466
-0.5049658946663554,0.6600413918197381,0.47708409639408556,4.041,1.516,-1.466
-0.6648109555925253,-0.10725950302243108,0.7331856692347833,4.041,1.516,-1.466
-0.23155935101082675,0.5132124931575641,0.32608087314749207,4.041,1.516,-1.466
-0.626230981139513,0.03021489668019844,0.5781650262269862,4.041,1.516,-1.466
-0.5029698499537544,0.25670332966562215,0.798709317483975,4.041,1.516,-1.466
-0.679458397348317,0.2979751614563373,0.7181744008952998,4.041,1.516,-1.466
-0.4724049865965979,0.6121552537412976,0.7825156231570716,4.041,1.516,-1.466
-0.5505306502636388,0.5232924470008787,0.7233093432703515,4.041,1.516,-1.466
-0.3574146614134843,0.6250791824322781,0.39433462077661663,4.041,1.516,-1.466
-0.8428797583480118,-0.09207419566548171,0.5786509007716849,4.041,1.516,-1.466
-0.6468008022461083,0.5988436812253384,0.6595115920121355,4.041,1.516,-1.466
-0.45978595984751386,0.616614597935272,0.4494741992291501,4.041,1.516,-1.466
-0.2643259675059909,0.6129273069256594,0.44414048207530193,4.041,1.516,-1.466
-0.391982556209604,0.4625863302146075,0.6390391689105536,4.041,1.516,-1.466
-0.4192046953682804,0.6708805250454559,0.5130988971363051,4.041,1.516,-1.466
-0.5713759355743343,0.6211781320539088,0.6779818016567746,4.041,1.516,-1.466
-0.24008448649071543,0.664742314667205,0.7532167521130538,4.041,1.516,-1.466
-0.7733972658567505,0.25728530062067745,0.7132410747557064,4.041,1.516,-1.466
-0.4694633124688971,0.26413944763472236,0.39788180386642596,4.041,1.516,-1.466
