step_order,x_t,y_t,z_t,x_dif,y_dif,z_dif,joint_1,joint_2,joint_3,joint_4,joint_5,joint_6
0,-480.2696390248737,15.733233924978899,27.1075119179815,-23.79920697512631,-23.8867649249788,-1.3855759179815017,-24.398863898932195,-60.473832402819966,119.7472913620211,-59.235110730485765,24.458167501161075,88.00157290165446
1,-445.6009513524299,92.77244120754379,33.8719011403672,-24.088797647570118,-24.010767207543793,-1.2416211403672008,-36.36475751279919,-62.48534756055389,121.86174346647638,-59.30298007791059,12.492279189555196,87.964801417107
2,-469.0769448638053,130.0478016802403,113.4722684336664,-24.3667481361947,-23.6973746802403,-1.8675824336663993,-38.48390139368359,-68.56283429447446,113.40799516859572,-44.756963863573766,10.373137247039155,87.9497235511988
3,-494.82705798281404,124.09732150102181,218.74263257569172,-24.85844901718599,-23.202530501021812,-2.373259575691719,-35.8654607731348,-74.98490255435404,103.3300297301535,-28.274484062707298,12.991575510028452,87.96764417881163
4,-484.6083333899624,76.4394172828075,245.6407896752311,-24.783418610037586,-23.1478012828075,-2.4291696752311225,-31.45596429582255,-79.97292174460708,105.22812568732317,-25.202102294372803,17.4010694935305,87.98580768387549
5,-512.3739464155267,47.4421735451564,263.8505936193452,-24.91323958447333,-22.8967125451564,-2.442612619345198,-26.38517372910932,-78.45677706722181,100.47255493824434,-21.974230895607498,22.47185836032656,87.99808692333714
6,-482.721378806716,14.0413269180219,277.2255721457913,-24.802725193284004,-22.8703519180218,-2.400071145791401,-24.04346659333868,-83.84130958322466,104.7221258721408,-20.842975616342247,24.813564935721175,88.00213197784538
7,-465.7836816321303,-49.8073765595594,300.5069968516221,-24.806663367869646,-22.804500440440606,-2.380839851622113,-16.29730540678944,-87.9782773469334,105.59514448294435,-17.587359175755555,32.55972480718029,88.0116088648227
8,-426.6195750631771,-36.062490407836506,307.8487212544333,-24.806534936822914,-22.61304959216349,-2.264865254433346,-20.235088679642885,-93.75740377796414,110.15366805148469,-16.36307018271597,28.621945074421372,88.00732661775832
9,-468.6301304369643,-77.380903273087,333.92855180941325,-25.048035563035683,-22.562172726913005,-2.388185809413301,-12.27394064256014,-88.7012672069525,101.28357393985144,-12.555660991077222,36.5830890884134,88.01508273056325
10,-422.9356801519466,8.4823524159227,354.68945720356834,-25.100434848053396,-22.5378924159227,-2.365310203568356,-27.177303975667705,-95.04155158184025,104.3065599271173,-9.222016205737429,21.679728311592726,87.99652745985448
11,-482.0786971747198,46.611711310927795,391.6182138017249,-25.578849825280145,-22.487675310927795,-2.701252801724877,-28.12202614581355,-86.3905541483714,90.34120777545748,-3.9057991958121083,20.73500642347768,87.99452998862941
12,-568.2782954888482,34.381690792045106,346.492188967997,-25.541778511151733,-22.632190792045108,-2.8111439679970545,-22.17905753063464,-74.40134705185012,82.80721782820693,-8.370500545277634,26.677973615686295,88.00487432561695
13,-594.1208960146851,-43.9483434032353,337.79996312731606,-25.459564985314955,-22.776320596764705,-2.7920761273160792,-12.932077335667678,-71.71046897222901,80.54117711388668,-8.803641838523474,35.924952470918285,88.01456121235975
14,-633.8962394307041,-125.5770875795189,354.7192099581606,-25.593759569295912,-22.6588504204811,-2.842393958160642,-3.797483521291118,-65.7338842111528,69.71262168698712,-3.9563023252535126,45.059545440093586,88.02063153097731
15,-681.500981309267,4.8964410138657,381.9759968133785,-26.228822690732954,-22.8221930138657,-3.101103813378529,-15.545571265590787,-58.62810315978251,55.02946508686851,3.627550480265445,33.311458917554944,88.01231785504358
16,-605.5687569685247,19.965671097827602,271.9402124031534,-25.1190260314753,-22.9861810978275,-2.6102264031533764,-19.239722676558472,-67.48554302104914,84.5575155775756,-17.039830940743823,29.617301337413497,88.00853373886305
17,-690.7641365942515,10.911128414985,246.93782386812148,-25.33529340574853,-23.241689414985,-3.086215868121485,-15.850180730260425,-55.205796370318076,69.45696693523423,-14.222017849636801,33.00684940496241,88.01203140343164
18,-655.8040994968395,82.7388785038973,204.83415286270528,-25.128717503160487,-23.1554305038973,-2.792894862705282,-23.298884211189836,-56.47538071291161,78.00562050170555,-21.493430887961974,25.558147126591432,88.00327211847707
19,-637.783683633378,143.6219069051828,199.07735560427258,-25.22468836662199,-23.36722990518281,-2.8544506042725857,-29.28374891053382,-56.252207764478115,78.54445091252622,-22.244831860574774,19.573284927756692,87.99180405996346
20,-628.6651508253375,142.73331018318493,206.685195481513,-25.203374174662486,-23.255864183184926,-2.870959481513097,-29.641476080829417,-57.79740684733696,79.87358673737617,-22.027928905134186,19.21555700245428,87.9909163382017
21,-582.6288386768051,104.0168180421398,242.2656969831795,-25.093115323194866,-23.188975042139802,-2.6041509831796077,-28.46937791710283,-66.74682848921483,88.08010150246889,-21.287687923788813,20.38765477269898,87.99374962319597
22,-565.5112818697389,194.624767972919,262.7984473247263,-25.445915130261028,-23.012918972918982,-2.8287513247262837,-37.49825788739273,-65.3875332883849,82.90634608348446,-17.438181649371728,11.358779836840437,87.95742729785376
23,-576.2721947939867,262.82189085210797,255.1973873323143,-25.69754320601328,-22.934672852108065,-2.9159903323142657,-42.055410684847466,-59.378842281298816,74.9091994867361,-15.39626372033789,6.801634397730863,87.9033293128675
24,-531.1192227092454,253.94024698306288,278.9780240594602,-25.627514290754675,-22.958493983062965,-2.7850060594602155,-44.50715610269622,-66.03276849048538,81.3873247557136,-15.145181941116105,4.349899492137519,87.82770791747919
25,-511.29043509020624,285.075852239079,260.7067921033305,-25.619584909793787,-23.067716239079004,-2.794965103330526,-48.231343081502445,-64.82790472442944,82.40413259501946,-16.12228637421075,0.625885172222759,86.58262434396758
26,-494.13294535625965,364.5358016593532,250.6327904069729,-25.868774643740323,-22.869131659353172,-2.8359924069729914,-54.544236376381164,-59.59850451794635,75.94796267914171,-16.509722423295223,-5.687231364272074,88.19595465834584
27,-484.09054941382726,370.424624619327,316.9117706698346,-26.115007586172794,-22.487712619327,-2.903125669834594,-55.67092320502742,-61.965351482255215,69.68754999263814,-7.856046247319303,-6.813914845137992,88.169381460295
28,-472.3697242936834,335.3265643023871,335.8003633147814,-26.085951706316507,-22.552535302387128,-2.667240314781452,-54.62513896369781,-67.0316937781539,74.35399796140938,-7.4803144735018545,-5.76813397908963,88.19368938038393
29,-514.3954088345185,341.2291331600559,323.8424766012883,-26.242067165481444,-22.588061160055872,-2.9882636012882813,-51.61756186886601,-61.82537106888584,68.45537535860043,-6.959731570321395,-2.7605807242199383,88.36582377131185
30,-544.1993581586753,355.6204620023546,301.1630857227648,-26.295262841324757,-22.64245400235461,-3.0501717227647873,-50.28860734342916,-56.743729189397925,63.879405367962654,-7.7712964395491815,-1.4316686329118251,88.67190098751604
31,-572.7781302269223,340.5848856848679,323.44705175438884,-26.489185773077793,-22.58571068486799,-3.138718754388833,-47.430327977020646,-54.719804312489565,57.34826128984071,-1.990375636117154,1.4267836106981382,87.39859550715224
32,-554.6709218245,404.4445479624178,293.3823721237258,-26.516102175499896,-22.463006962417808,-3.1721471237258356,-52.27942886624494,-50.1300189573974,54.11988575628657,-4.255915942996286,-3.4224371743012227,88.3020538820591
33,-432.9973349388468,453.8216696859842,242.0575447430042,-26.011924061153195,-22.695313685984217,-2.7281947430041953,-63.8482097487105,-55.48612738566678,70.65287949286414,-15.228144954118527,-14.991191156464877,88.09578251483732
34,-420.6297908170784,505.87912104303444,211.85449552020998,-26.140009182921574,-22.656357043034518,-2.828525520209979,-66.81034998487426,-49.18464870961259,64.6021983940007,-15.46906914707385,-17.95333000677737,88.08549000073178
35,-440.9988729655696,536.1963241171684,283.0729002878579,-26.70822503443037,-22.058689117168342,-3.0295062878579415,-66.24892185328832,-44.94014635068699,46.63772399860545,-1.7507064170756117,-17.39190197012159,88.08717896804202
36,-469.6482929713968,519.0252019257335,342.2320016734688,-27.011951028603164,-21.71125792573355,-3.126673673468815,-63.50498017420811,-43.931575793505424,36.18367524451992,7.6851018931564665,-14.647961799797505,88.09723668746872
37,-376.97244763432843,404.9304764278578,226.5746222603913,-25.67074336567157,-22.970115427857877,-2.42428926039139,-66.85011939318181,-64.36420073645989,87.01733512155714,-22.70453785729013,-17.99309522764548,88.0853683862331
38,-300.3090048294289,397.12224794629,223.5093152791899,-25.63067317057113,-22.979745946289995,-2.144377279189996,-74.50959873117611,-70.02662153012426,95.7770437669134,-25.787106017694246,-25.65257637308842,88.0695474010038
39,-260.4652652439617,394.0978357739227,230.0815672247667,-25.680539756038286,-23.00226777392271,-2.144133224766705,-78.98065097471314,-72.93663264725272,98.73290964023384,-25.82796500588132,-30.123627223944585,88.06390021246546
40,-308.1978237810412,339.21687721588626,209.707812041286,-25.41263421895877,-23.18426621588634,-2.0864870412860057,-71.55972914746258,-74.90207996559585,104.73074229765324,-29.869809318904075,-22.70270762473593,88.07443812000773
41,-364.3967353971766,264.16129286885,169.71307395633582,-25.027270602823364,-23.456645868850018,-2.077058956335833,-60.86092355616298,-74.84737178059989,111.65287507587549,-36.88192126142936,-12.003905303470521,88.11122881635077
42,-408.0526280725103,297.7779916286894,243.1625476048772,-25.464287927489693,-22.985092628689415,-2.4493996048772146,-58.25630791048303,-73.27208692164396,97.07977052336412,-23.904922703803226,-9.399294421638507,88.13241270705099
43,-467.8616199234182,351.532624888929,140.96780219535802,-25.387317076581837,-23.50152788892899,-2.460023195358019,-55.950258767195976,-56.957486086342065,89.28896613903657,-32.460085204862146,-7.093249280683248,88.16410007410488
44,-487.6994903810875,317.7670795631773,83.3145026863162,-25.143397618912502,-23.800062563177278,-2.2582356863161976,-52.27368840169063,-53.344055093045334,93.34197206921584,-40.26440411409876,-3.416697124988348,88.30249265751264
45,-441.97922648902784,354.378446904626,-3.9191425411579,-25.010753510972165,-24.022495904626,-1.9286354588420997,-58.35337696126946,-45.652014575242305,96.07317634805469,-50.51724923955022,-9.496354642429656,88.13124785506845
46,-380.1954804264947,368.1826656111668,24.3650009718599,-25.195365573505285,-23.967032611166758,-1.652704971859901,-64.91489429481297,-51.20865735385839,101.41342544366547,-50.262180500913644,-16.057875070004428,88.09165154744609
47,-361.8945312832859,329.7702728449296,23.3252681307109,-25.013838716714076,-24.0514758449296,-1.4714721307109997,-64.94982364982327,-54.74219820234426,108.95728866994895,-54.272450587877906,-16.09278761191571,88.09159770320655
48,-346.9795585814302,295.1640346169573,70.9884430563297,-24.956153418569784,-23.989042616957363,-1.5529470563296996,-64.80034267175319,-63.535925186971994,114.33401894116676,-50.855906903801596,-15.943323606317747,88.09206843381916
49,-316.5108089996031,313.806850876113,82.62096480598879,-25.080305000396834,-23.939801876112995,-1.5026698059887877,-69.44671954050085,-65.18960126207772,114.54790492256234,-49.403455121589836,-20.589698403216033,88.07874546456232
50,-270.4649380060197,372.3844380377301,23.1966628179987,-25.286886993980318,-23.924504037730173,-1.2334638179987003,-77.24234494427252,-55.77907758612481,111.13698778621401,-55.39131491054749,-28.385322242923046,88.06586764842883
51,-386.6929290815419,411.06505059970647,116.5036323028142,-25.475857918458132,-23.473011599706467,-2.13419030281419,-66.17765182907952,-55.838722641512305,91.6752165432269,-35.889876595766616,-17.320629828976905,88.08744501791254
52,-385.58136578143694,487.2809987366357,53.521238014639195,-25.610400218562972,-23.510167736635708,-2.387014014639199,-69.09875171898764,-43.749884917240294,80.52990007139958,-36.82591409622112,-20.241730884614018,88.079543306698
53,-493.37493315586414,487.0874096863588,21.4991152170892,-25.62839084413588,-23.51446968635878,-2.813607217089203,-60.51661159935409,-33.98714374874783,66.45412992488205,-32.54557371289656,-11.65959524352473,88.11344542005202
54,-520.3831068818215,447.48510663287436,-22.7965707581054,-25.46962211817845,-23.822376632874352,-2.6055932418945,-56.82125250119272,-31.797129685613168,69.74670049069614,-38.064186238521714,-7.964241420780273,88.14998907668841
55,-559.397869192196,389.5820675641456,-3.2388760394106,-25.30993980780397,-23.893471564145614,-2.6316199605894,-51.15946467761691,-35.03418320178611,73.07343811699454,-38.43455985880141,-2.3024918153342373,88.4314649673428
56,-536.8447907713193,384.60316800443627,-64.38646812790209,-25.069760228680707,-24.102858004436257,-2.328482872097908,-52.45573068931496,-31.430731887266738,77.0819685975941,-45.90420391870526,-3.598738577148615,88.28894745506469
57,-546.1335590593224,368.0257367038703,-80.4786200259989,-25.007172940677606,-24.21525870387029,-2.236014974001108,-50.870808963049036,-30.248426707826475,77.71895163132953,-47.92022384915768,-2.0138248727415644,88.48589766371569
58,-490.9823442058842,377.1215373394673,-97.7032392040207,-24.946106794115792,-24.268336339467282,-1.8988697959792944,-55.487557373274186,-31.41156469369117,84.515347397256,-53.24118734280286,-6.630537086132731,88.17296393856734
59,-454.1932111856607,465.1086633173803,-94.3257979857577,-25.273721814339297,-24.06234631738039,-2.1172470142421957,-62.59080560391032,-27.97911748100468,75.26412751399556,-47.35186501926974,-13.733783009504648,88.10142112804863
60,-546.9654092905835,419.97647457820307,104.8429391377476,-25.7301637094165,-23.358110578203082,-2.7968871377476034,-53.612075205426905,-41.77693188767271,67.91375596447529,-26.328397477044614,-4.755074824976722,88.22739318037857
61,-593.4025812835422,283.46420759919624,175.84238582609598,-25.482866716457806,-23.203287599196244,-2.8818428260959763,-42.411169422811795,-52.29558882359935,75.55424703347279,-23.117708941744105,6.445745000836307,87.89642767508049
62,-576.2364168435439,254.47071623804328,192.0276862204986,-25.392755156456133,-23.253511238043274,-2.831055220498598,-41.454673543863095,-57.01967755651762,80.92850345188744,-23.78682272272688,7.4023269868492845,87.91551307706598
63,-543.9952659938044,199.7103961756262,161.5271755924016,-25.013140006195613,-23.434313175626187,-2.4262785924015873,-39.331717826293314,-61.77773610573195,93.70442532956082,-31.830713412431837,9.525320427512918,87.94182644109482
64,-563.061351236165,179.4363450211914,51.967819323903,-24.59753776383502,-23.859391021191414,-2.130991323903004,-36.37975006158603,-51.698450208093334,96.42613956585028,-44.65418062739974,12.477286505361684,87.96470642633194
65,-570.8417781625499,241.8926535021077,41.3999112414925,-24.747236837450146,-23.93761550210769,-2.4712872414924973,-40.87421048870926,-47.134007600804246,89.55255406325706,-42.304195182311545,7.982831928895837,87.92323591386885
66,-590.8000594267213,231.81394462741108,-33.9791800022735,-24.56258157327875,-24.12279162741109,-2.1798969977264946,-38.86291556886393,-38.68006987275584,87.24632236259653,-48.47474714263915,9.994123688513227,87.94636232265562
67,-630.4404162177377,301.1748918606947,-69.4710746117304,-24.7698157822623,-24.05850286069466,-2.587326388269588,-41.37841736405163,-28.442440066910745,71.21532920014486,-42.65086893900698,7.47862571870788,87.91549671370348
68,-639.2870307089697,139.9367772921726,-93.0468873634613,-24.163062291030315,-24.288011292172598,-2.048067636538704,-28.905862869899345,-31.826878231706768,84.43881002510233,-52.56539144364675,19.951169952943694,87.99273196004525
69,-612.6962249630428,139.6214904970519,-1.9073365828289002,-24.301389036957175,-24.142361497051894,-2.2648204171711,-30.15984503460706,-43.496275755002536,90.9373238801243,-47.39150926473025,18.69718823494165,87.98955462597337
70,-546.3554842039714,91.145845116729,10.412093769988799,-24.1344747960286,-24.072304116729,-1.7130247699887988,-29.161964292672046,-51.67853495871108,105.72042077123123,-53.994764655021456,19.695068611941043,87.99211457709606
71,-525.0997992381575,155.4140163512078,-4.147936132856199,-24.292151761842433,-24.140714351207805,-1.7514308671438004,-36.746005310044445,-49.79352718534841,105.28141961408461,-55.4122475752471,12.111033185521904,87.96251376817139
72,-436.99402900477503,193.1426025520781,-20.4150875100561,-24.429410995225,-24.3710565520781,-1.1816624899438999,-47.464011525937345,-52.15431833699546,115.48325655227272,-62.679131660586776,1.3930835386272833,87.3868666206783
73,-390.53839126887306,226.6649058368165,-14.7021474932703,-24.613174731126946,-24.3576528368165,-1.069847506729701,-55.14747104248814,-54.18816314840902,118.62043072696846,-64.57716385674519,-6.290449659413924,88.18050308435053
74,-367.5133468860664,185.2432209816487,6.0365932747782995,-24.510109113933595,-24.270428981648706,-0.9644292747782996,-54.411400248076234,-60.26596216758642,125.9642878948065,-65.86239646955316,-5.554396084406638,88.19977952599314
75,-373.0088261951648,224.6932182249868,73.2818089065175,-24.694041804835194,-23.943851224986787,-1.3726589065176,-57.023502165553204,-67.02010650110604,119.82939969156466,-52.920996777095446,-8.166485819532273,88.14704883573945
76,-455.4060683340015,136.4686415499986,-76.11531660456369,-24.134072665998474,-24.47416454999862,-0.9166623954363189,-40.30841496856335,-45.19332491848132,116.7645286392102,-71.46436374039322,8.548626074711928,87.93082603279298
77,-472.0967463483869,95.01194804867801,-65.2172542473963,-23.947489651613125,-24.416299048678013,-0.9733747526037035,-34.47057429571678,-46.794695730242715,117.17998231051735,-70.32137114733786,14.386461052528178,87.97456795983699
78,-482.3191975782256,49.5115417138915,-58.681622071275804,-23.764609421774367,-24.341512713891504,-1.0331109287241986,-28.456035204534327,-47.91578871348214,117.91222223853329,-69.9508773292423,20.40099703494562,87.99377809801992
79,-492.3338775438585,25.636371140939698,-66.16391965438021,-23.661693456141563,-24.2185551409397,-1.0289613456197912,-24.943648185791744,-46.59424615300313,116.94747253603245,-70.31405006115041,23.913383561104023,88.00066572856817
80,-524.4575622599444,55.985127984341595,-65.6854826065197,-23.770642740055564,-24.2330649843416,-1.2673873934803055,-26.66770566004141,-44.53045525862848,110.48776028085425,-65.91525626216423,22.189326504541235,87.99754445919075
81,-576.8901340210864,-26.278703214159002,-69.26964770951679,-23.562617978913636,-24.142859785840898,-1.4998862904832038,-15.31824299603572,-41.515346448449385,103.24228111318055,-61.698191723371224,33.53878709000312,88.01252152126482
82,-574.9517800267348,-77.6425004176083,-24.3371043202289,-23.543508973265148,-23.778617582391703,-1.6825536797711003,-9.649887613245085,-47.0462443091888,104.29217114705757,-57.220804495143376,39.207141853529734,88.01701268583915
83,-616.2525789885675,-68.22605858323661,17.2778284089568,-23.858040011432536,-23.637186416763384,-2.0572964089568,-9.898530752260044,-48.132731048911786,96.61619717981884,-48.458209198514425,38.958498738635186,88.01683929858973
84,-631.5415549792731,-17.4165488357536,7.0057952481049,-23.901966020726945,-23.9568891642464,-2.2343692481049002,-14.715162122470444,-45.59737768974491,93.514299294578,-47.888617412432325,34.14186783960673,88.01304648530018
85,-643.2174275901212,45.2560105320424,82.99270939353511,-24.420933409878785,-23.564461532042504,-2.508595393535117,-20.371929537181003,-50.65845923660224,88.41549870606559,-37.723742192808466,28.485101287782545,88.00721278429317
86,-643.1674574168586,95.4037780371485,87.35542810641749,-24.554287583141445,-23.5732600371485,-2.685183106417597,-24.909589344042743,-49.86690165884459,86.139175754676,-36.2331192702453,23.947442072859968,88.00068753036915
87,-595.6689353162382,2.5474827870189,171.9812334696324,-24.59951768376186,-23.4256857870188,-2.4359254696323944,-17.7983649320784,-63.48032031726546,94.61048436006877,-31.099383394108997,31.058665439229884,88.0101113722638
88,-606.0127870487196,-67.12623585690069,112.9499884123434,-24.218396951280397,-23.361342143099307,-2.298978412343402,-10.203980139144978,-58.08289646584246,96.22927749388197,-38.12095616378237,38.65304937645481,88.01662380216686
89,-548.9828493618558,-109.25307042245521,105.41285107469301,-23.936275638144252,-23.316504577544777,-1.9109470746931123,-6.412336455554542,-63.179869068161175,106.34809058840095,-43.144690649011224,42.44469271721099,88.01911502225839
90,-518.3831520645256,-90.4928171559376,138.6279980639814,-23.997504935474467,-23.211341844062403,-1.9847920639814163,-9.238980203789227,-69.83875301810983,110.35237849499288,-40.48874230400114,39.618051126784934,88.01731740639008
91,-531.8286803830257,-119.2102491398624,153.0293327915693,-24.13099361697425,-23.0727808601376,-2.0146727915692964,-5.4198702504077,-69.2549672231154,106.776276457783,-37.49822357804264,43.437158814925056,88.01972308487599
92,-581.6335055419951,-131.29669279033558,166.34413122387258,-24.334057458004963,-23.11839620966441,-2.2013492238725973,-3.5469859392614493,-64.41232396652475,97.03444013473579,-32.5997783244868,45.31004300692121,88.02076959139005
93,-566.3777214645551,-173.4582115132367,208.7988396407177,-24.41300153544489,-23.029203486763294,-2.1656686407176835,1.1514045288034793,-68.13512261459655,95.46957762396814,-27.31372707296117,50.00843314403636,88.02315780544134
94,-533.9058692515335,-172.0731689916016,178.6887453641631,-24.18303074846642,-23.05626600839841,-2.0147483641631254,1.062913156743738,-69.9140930764387,103.14320493400652,-33.20835202502834,49.91994058194631,88.0231082529885
95,-482.8173889548401,-149.7620434074343,182.2672737113398,-24.128836045159858,-22.91109459256569,-1.9351287113398143,-1.8500429918515744,-76.81025239529384,111.99268962178279,-35.16072587773115,47.00698582893767,88.02167396180289
96,-464.0093831838743,-184.29592496059598,230.1449011086081,-24.2781848161257,-22.800509039404005,-1.888076108608118,2.9688959336893275,-81.57707404039647,109.67752921955629,-28.080254512866016,51.825924432947176,88.023994048521
97,-482.3021764039551,-73.72532683095449,232.445690571532,-24.406080596044887,-22.98579816904551,-2.121918571532092,-12.367747662806336,-81.96493310013531,109.75304146572718,-27.761403664494033,36.48928208064307,88.01500934536276
98,-506.46506564340655,10.5331851977631,195.1338968567207,-24.524870356593397,-23.150908197763002,-2.264183856720706,-22.343474090042573,-75.67101364059215,108.23599473821089,-32.52940752834955,26.51355708756848,88.00464692594035
99,-447.1948406367075,44.6875686499304,199.5322703387423,-24.44073336329251,-23.287425649930398,-2.116895338742296,-30.319759833235544,-82.5223579212341,115.99474902658687,-33.42244082518971,18.537273478021003,87.9891204891399
100,-425.91219072106816,149.54945618084682,307.22801847746103,-25.252793278931847,-22.836445180846837,-2.4838164774611187,-44.4077624045038,-86.38678155215922,102.88749617756363,-16.286174226293834,4.449018544010021,87.82252629468088
101,-401.67595812962446,143.0153636120631,340.8682578051263,-25.379334870375544,-22.644330612063115,-2.478986805126283,-46.26603107923714,-90.8656079290162,102.42063652892473,-11.203735677480234,2.5910440322736665,87.68554533286455
102,-458.0167850955671,132.7866439603975,332.7701493813958,-25.421347904432878,-22.618357960397603,-2.494214381395807,-39.70010246689848,-84.42470702783562,96.89586745494017,-12.371360608940984,9.156937181070672,87.93795089781914
103,-360.4581609026577,208.413627085715,370.41189954609735,-25.628934097342267,-22.382166085715,-2.4389605460973485,-57.27318912785017,-90.9577137410591,98.13616041153908,-7.286729810832644,-8.416176660487778,88.14359149208614
104,-338.64280418232715,351.4014726765033,363.9500542254195,-25.97543381767281,-22.305727676503295,-2.5072372254195443,-68.54440480291255,-77.90727778115414,84.65749342840118,-6.797195226117957,-19.687375488880082,88.0806935346353
105,-254.9690102706717,429.40644659358014,342.6590073177504,-26.07826472932831,-22.190099593580157,-2.4741053177504,-80.34407534820963,-73.42191587169232,82.09659491185347,-8.70508363522251,-31.487052171586342,88.0624069089029
106,-316.8022264970697,466.9210681984402,166.1546024632055,-25.799554502930334,-23.209034198440236,-2.321456463205493,-74.78580842494851,-57.934511124073076,86.6555286882229,-28.757338187175975,-25.928785823596282,88.06914380060405
107,-407.2076534892898,77.2625165840711,-77.59435472678041,-23.90326651071024,-24.546012584071093,-0.4833562732195844,-38.0257286142675,-47.71008640151515,127.86553809745163,-80.07097375472333,10.83130933014279,87.95350678241849
108,-457.4656550268136,-119.19437022391061,-7.246372216969499,-23.428582973186394,-23.614404776089387,-0.913615783030501,-6.463105582915618,-57.371629301813314,123.85133458082738,-66.4561516210628,42.39392359639148,88.019084153237
109,-460.1688786223664,-141.5079348037724,-39.617881105087704,-23.30102037763362,-23.749800196227596,-0.8097858949122951,-3.156106044160043,-52.09991872489592,122.4748570187945,-70.35275230010531,45.70092261289929,88.02098494353602
110,-422.2005435044996,-169.223206998828,-78.8418630954807,-22.891199495500416,-23.876509001171996,-0.5643279045193026,0.939945022431819,-47.228084278205124,126.430093245265,-79.18121653034247,49.79697365070278,88.02305766346592
111,-358.38861002094455,-214.5017781723665,-75.9573535110275,-22.743122979055443,-23.657292827633512,-0.2141684889723905,9.514772813244582,-48.817218545423685,133.1075827657256,-84.27171367447565,58.37180092875853,88.02669888501366
112,-422.8049152435532,-316.0608721849974,-72.0675313021377,-22.73160775644675,-23.163422815002605,-0.9321836978622002,21.804337560873382,-45.3326348067459,115.42640994551664,-70.07694435681152,70.66136499893933,88.03090357279474
113,-491.9749428849326,-293.8785177785072,-40.439475819496906,-22.948070115067367,-23.366358221492703,-1.2963381805029925,16.330822559317657,-46.662366378271244,107.9553686781312,-61.275506774140695,65.18785034544739,88.02913721156165
114,-477.778222014144,-231.6181056848127,-73.8012889144268,-22.80187398585599,-23.61927431518731,-1.0441880855731824,9.142285448179814,-44.76165567279616,114.32241418013989,-69.54203246406264,57.99931359112595,88.02655567117003
115,-568.8362123389091,-319.3996905306229,-19.4233540036775,-23.166288661090903,-23.42349446937709,-1.775353996322501,16.624807991189776,-42.778211351566796,93.25135575767992,-50.45568913679626,65.4818355862608,88.02923340999774
116,-563.4490574501091,-297.0629880935565,35.1336737320731,-23.386431549890972,-23.38925490644351,-1.8858127320731057,14.549151170198718,-49.65723065521381,95.89329721243624,-46.21831938110294,63.40617981041959,88.0285449901929
117,-555.1348699286458,-351.83593593717126,70.842155965509,-23.622506071354223,-23.06301706282875,-1.9508989655089977,20.194054332970655,-51.08138140927278,91.49780618226046,-40.39943488457562,69.051081258734,88.03041489398967
118,-493.2298755086736,-296.54670788132495,62.915694606389906,-23.38867549132641,-23.194701118675027,-1.5855386063899104,16.593107588131666,-58.42935791346447,106.90525251944703,-48.45843585598165,65.45013536032123,88.02922528350007
119,-421.4181260159125,-288.1822225552635,47.187894159573,-23.217510984087482,-23.10604444473654,-1.1265601595729962,18.325694472433284,-62.681497096075915,118.60521058141244,-55.906484795334315,67.18272216737785,88.0297979551823
120,-427.53835524959027,-252.7861655226603,77.70933334872859,-23.261483750409695,-23.179296477339705,-1.2661453487285996,13.308971311245685,-67.71090970947023,119.93079116501833,-52.20193617882613,62.166000502774665,88.02811559771088
121,-347.1277883572646,-221.4668777764448,119.96020459139591,-23.38965964273541,-22.830382223555205,-1.2993265913959107,11.125821544635063,-82.60300911175422,131.5928381919089,-48.971488722392095,59.982849585676874,88.02730421334489
122,-388.6736398295115,-158.195833214299,110.6564772199292,-23.461520170488484,-23.141843785701013,-1.419246219929292,-0.8971736367329604,-79.84217187088184,130.22712134437577,-50.36356668561996,47.95985511679181,88.02216012305756
123,-383.1972170379711,-146.82013814837867,125.07584082870041,-23.547847962028925,-23.007750851621324,-1.4982468287004025,-2.9627235517909147,-82.8219553884337,130.7304960719625,-47.88642572332636,45.89430536550178,88.02108810933775
124,-398.70852849310063,-82.725924301973,77.2667504484796,-23.466234506899355,-23.625742698026997,-1.3215934484796037,-13.992628496788624,-75.56097578586585,132.5145135772978,-56.92575717644783,34.86440142882069,88.01368498709027
125,-461.9290938629659,-304.11803254439263,189.3578859684529,-24.031660137034123,-22.736730455607358,-1.823893968452893,18.62436568331499,-72.49334746271586,104.93923206968783,-32.42869327034783,67.4813933641212,88.02989486905136
126,-546.7983470438413,-376.7354378747494,168.1918995902758,-24.090831956158695,-22.939312125250638,-2.200875590275814,22.835616136159185,-57.778226507472894,86.05822172930496,-28.263268028025944,71.69264362394983,88.0312246432984
127,-521.5961242707107,-374.5391169832247,319.9421933237539,-24.911165729289337,-22.744253016775247,-2.0626953237539283,23.64548480756152,-67.43647153411526,77.27323016879807,-9.82010779594049,72.50251227232553,88.03147286191468
128,-458.61618954237383,-390.8385981204866,321.9208697362791,-24.754497457626087,-22.70974987951331,-2.050204736279113,28.216256464774716,-72.96701450973148,84.57453402659056,-11.591226112571944,77.07328373901126,88.03283422104725
129,-459.1672125839005,-318.5378901237052,335.96437341038,-24.927671416099486,-22.5595028762948,-2.0521234103800907,20.42569130032279,-79.19216817774998,90.36158335223483,-11.152436830539061,69.28271890178397,88.03047292470572
130,-492.8859364600836,-329.1397355694094,369.5861023748065,-25.239898539916453,-22.60517043059059,-2.2836983748064767,20.215549462571193,-75.16748837149028,80.39502435856978,-5.210534484873171,69.07257632967588,88.03039747816615
131,-536.0600082654857,-264.51199495412,302.5994040394653,-24.82098073451425,-22.831404045879992,-2.4529360394652713,11.779663001815555,-72.59654717381804,86.97885208934764,-14.36408349751802,60.63669100865316,88.02754434310417
132,-347.9024679419782,-199.42914738764918,314.44990419978956,-24.664890058021797,-22.250469612350827,-1.9165941997896425,7.0384395410032194,-100.61198294873981,115.04498902420532,-14.413827121022713,55.89546780039254,88.025725403557
133,-251.70998386704852,-367.94204907821097,365.2090902870575,-24.847766132951477,-22.081753921789016,-1.1554442870574917,41.52407805281793,-95.21356592526602,102.908082005787,-7.678635250246147,90.38110480674679,88.03658470304222
134,-253.1599605968936,-382.2778123983527,382.3082719918532,-24.872602403106328,-22.165589601647298,-1.2853059918531926,43.06967370546738,-93.61527664179069,98.92994291841569,-5.298776799589277,91.9267004104881,88.03701424812466
135,-324.14423282529367,-393.8742152712424,388.8002601095247,-24.890412174706285,-22.40735172875759,-1.6569181095246677,37.60711244920041,-86.7717318332286,91.15978671083474,-4.37214410948417,86.46413935437498,88.03549786316499
136,-355.2777816480836,-496.8861158387674,396.0222213049985,-24.94990735191641,-22.643571161232558,-1.7470033049984863,44.616462654658,-72.53766763599101,73.10413013856474,-0.5505528389557536,93.47348927724535,88.03744271193091
137,-350.1660218259677,-525.506981561171,385.7584017038907,-24.977394174032327,-22.610467438829005,-1.6834767038906762,47.16370627638482,-69.4165237362275,70.38016033543623,-0.947668219829764,96.02073287824669,88.03815493014933
138,-265.7994085683976,-532.7773201122778,332.3525014058907,-24.530418431602357,-22.448167887722207,-1.4051944058906543,54.82199265942994,-73.24081641029967,83.3844821907451,-10.127321720783607,103.67901889630667,88.04034418108843
139,-258.7098251247752,-559.2842784444858,358.1825823945164,-24.692537875224787,-22.493409555514177,-1.4445453945163536,57.10503195400787,-70.68768877070241,76.15736105393795,-5.453153984516694,105.96205818783945,88.04102942269438
140,-141.8708617342686,-647.1741211022216,356.1407188710764,-24.709678265731384,-22.375480897778402,-1.254621871076381,71.81716296889623,-62.47341185546408,64.69928975768646,-2.2074142253233875,120.67418841603879,88.04589871472487
141,-79.87551141229599,-611.1457288613321,377.3048897126884,-24.616899587703998,-22.242652138667836,-0.9232047126884027,76.86457427704893,-68.68398075975193,70.59885593515327,-1.8953146461944692,125.72159946364513,88.04789949109843
142,-49.584070715469494,-612.5529023846756,343.1148929938222,-24.5148262845305,-22.167587615324464,-0.8014889938222041,80.00221987467269,-68.14044304425694,74.84770908037527,-6.6868676250629004,128.8592452652716,88.04928212248802
143,6.8224574431312,-620.0879011933366,357.61109449530596,-24.5674014431312,-22.086648806663334,-0.7322084953059402,85.8935771545765,-66.67361773688313,70.64073284918636,-3.9447757632905867,134.7505998265299,88.05220121813724
144,5.399071311758,-622.7346288810953,317.0695149400081,-24.453149311757997,-22.10450911890473,-0.7493489400081899,85.76819949129253,-65.65312932040307,75.13535059816797,-9.459910643411705,134.62522490651398,88.0521503767724
145,-51.3987810110364,-564.987073349639,297.1775652528469,-24.35502298896359,-22.023734650361007,-0.8070502528468637,78.85163830331942,-73.4361533179488,88.91311550280834,-15.456889109803225,127.70866339379194,88.04875669603241
146,-65.0837375568962,-517.1435872113601,263.3843521492272,-24.31634744310381,-21.95918278863985,-0.5386851492272058,75.98024452155718,-78.26826689919608,100.31306351720744,-22.02544853289254,124.83726975937756,88.04753167457987
147,1.4895896890911,-507.80549875589986,309.9681703257827,-24.6091296890911,-21.81035124410016,-0.3857093257827273,84.17903995080123,-80.96087646294203,96.3723439213185,-15.389740823488378,133.0360646667363,88.0513067066943
148,46.968556041666,-491.0858135096454,248.3759784455662,-24.412748041666,-21.692601490354605,-0.31970044556621247,89.97327721078759,-79.1019430062143,103.72753001125889,-24.601463263549263,138.8303014653521,88.0546385699932
149,41.3781534389273,-451.9685786086289,256.7579963300268,-24.561076438927298,-21.659329391371102,-0.18794133002677427,89.1638828420388,-84.78767731452405,109.01626228143815,-24.204853079859095,138.02090750075672,88.05411583135393
150,12.2155583162576,-416.89188127705114,252.2451679800462,-24.5635013162576,-21.63678272294885,-0.20043498004619664,84.41403890517242,-90.13158850292679,115.36839780941425,-25.214999026153578,133.27106360260893,88.05142900211173
151,57.6038406415335,-410.0047459738105,269.77970798020914,-24.701438641533507,-21.580087026189517,-0.059767980209130656,91.67160234273476,-90.44874753043337,112.8832885395679,-22.409559624349082,140.52862643943203,88.05576331884723
152,54.0104057169136,-439.5461586244267,397.1321538620697,-24.975143716913603,-21.791343375573206,-0.19255786206969105,91.01394547349547,-90.56404441123728,93.82804180681194,-3.2393574524583046,139.87096973651458,88.05531894106345
153,-124.6243200533993,-408.46384043350844,361.2590029224184,-24.89315194660061,-21.840946566491482,-0.6619539224183768,62.31399321257029,-96.12910900027607,104.30721167652501,-8.161072789766166,111.17101912943997,88.04262952635017
154,-173.4362347832501,-482.6851757717855,257.8008414860032,-24.300227216749903,-22.064840228214507,-0.8308704860032776,61.150233638962185,-80.62029907801691,104.05559661668404,-23.418397119908402,110.00725960837991,88.04226141081874
155,-202.4503884657011,-368.3091274904422,198.04634498439168,-24.0415365342989,-22.052073509557772,-0.752025984391679,47.416809223041895,-89.64640904534471,124.01533341130309,-34.35294776690155,96.2738360872002,88.0382263941767
156,-235.3300868092758,-375.73499660601,155.2939887408529,-23.70241319072423,-22.181404393989965,-0.8537937408529217,44.2893438151775,-82.50084013077021,124.12663440574254,-41.609889819713466,93.14637046335304,88.03735207685017
157,-236.6944846896192,-329.2265979908971,117.7420358146249,-23.336882310380787,-22.319158009102864,-0.8045348146249012,38.00897743866005,-82.893647519207,132.44093950314812,-49.53138771734789,86.86600432820593,88.03560962687342
158,-226.9280126278546,-348.66492019100644,90.30878628201489,-23.267595372145422,-22.29917080899355,-0.6299182820148985,41.88256215897834,-77.5674380132193,132.03585205938214,-54.452532802964015,90.73958896690313,88.03668082460254
159,-328.9306333083346,-342.9420870561018,33.0786877429758,-22.993747691665362,-22.866212943898176,-0.7945197429758011,31.137047412852333,-63.84337555117683,124.78758617224642,-60.9280849193557,79.99407456789658,88.03367758364433
160,-369.8541963487805,-393.29087972708396,-52.971079101922506,-22.61794165121944,-22.923529272916028,-0.9245598980774972,33.98060786370609,-47.27463426752593,113.75691778466548,-66.46627813922055,82.83763490917107,88.034483526879
161,-376.7408135711997,-433.3837587898986,-21.056907160243497,-22.747292428800336,-22.86413821010143,-1.1025458397565018,37.51215001088138,-49.007242166405646,108.03732875754707,-59.01417417129552,86.36917691967965,88.03547143762525
162,-417.0584166830177,-516.9496392689333,13.745341411385,-22.98966331698233,-22.775202731066656,-1.6683074113851006,41.7184540820923,-45.08275591132583,90.98483343445882,-45.886196243782436,90.57548082760303,88.0366386098529
163,-484.5339003062283,-467.8304973242148,50.5904215630057,-23.294872693771765,-22.966831675785215,-1.8838065630056988,33.75535937594002,-47.7072856418001,88.88873197244203,-41.1654329225428,82.61238643043063,88.03442010655667
164,-471.09149332158154,-420.78405944641327,14.2328729316283,-23.13787967841847,-23.03930855358675,-1.6088919316283015,30.405617873005458,-48.28638507573135,97.6153259260021,-49.31277737221741,79.26264505945038,88.03346775807209
165,-367.4811023187722,-370.0279464391947,149.03099706960091,-23.552691681227827,-22.667275560805308,-1.4195050696009162,31.57490148238497,-72.91550391571397,112.83321917109983,-39.901610967751715,80.43192859569054,88.03380237451229
166,-337.9471247489253,-364.4755042296443,141.5870153342206,-23.480008251074707,-22.59312577035564,-1.2529403342205967,33.11572852460166,-74.99174295644134,117.17588336805976,-42.16810339160137,81.97275555475791,88.03424351813534
167,-303.0101105816031,-397.58537295281036,186.5727552231733,-23.765408418396817,-22.368127047189603,-1.1786682231732755,39.85936463155663,-78.6576314186166,113.59125534348507,-34.91773945833656,88.71639145003066,88.03612329758123
168,-302.9122222622067,-434.0910845682624,236.17912273616957,-24.05976873779332,-22.3445114317376,-1.3334317361695867,43.57907124827474,-78.42650957504131,104.86857411614199,-26.426169695619574,92.43609792379401,88.0371547423741
169,-311.24388309291953,-596.0280638097393,213.8426048887411,-23.94911390708046,-22.54565119026074,-1.6876068887411009,54.753131217269484,-58.61386568424403,80.06617132973193,-21.435970360169964,103.61015700553949,88.04031248773356
170,-134.9088758253197,-643.8655448388192,182.2447678825947,-24.025045174680287,-22.063572161180787,-1.1406998825946744,72.36510959460281,-57.180836282525746,82.76778463522483,-25.56838032303275,121.22213520647134,88.04610130295602
171,-119.1512748848735,-534.5817696233752,139.0293706643451,-23.75432911512648,-21.93871037662484,-0.5338286643450942,70.17537625647321,-66.96304936956568,105.90918159358615,-38.927969391131086,119.03240185892744,88.04529380675193
172,-64.2437421127661,-483.112292352937,145.2075265792076,-23.833463887233904,-21.739156647062998,-0.48141657920763237,74.95651916448966,-73.76274315171082,114.76025492555439,-40.97839831048602,123.81354446005558,88.04711561555625
173,-13.2249632795218,-491.6657200458785,156.80668272057198,-23.991414720478197,-21.680566954121446,-0.42112872057197137,82.00253613366058,-73.54267298673574,112.24571801108304,-38.68206024448999,130.85955945737254,88.05020158319009
174,31.6335894505917,-503.63679761898726,178.4041707793972,-24.1707264505918,-21.63810738101273,-0.37765977939719164,88.01171073873951,-73.14911392515451,107.76629913554416,-34.59394285601088,136.86873542577658,88.05345441213575
175,34.822097640477395,-518.2608459692435,145.1258608510106,-23.997147640477394,-21.635609030756427,-0.2263158510106109,88.47086870878871,-68.59436083482241,107.25552330327447,-38.637734689653804,137.3278932049259,88.05370357049928
176,71.9829811512968,-541.7463975452843,106.1068460684287,-23.8462891512969,-21.54509645471569,-0.3556070684286965,92.8965283662718,-61.606692922524296,103.56486504904166,-41.93251894605085,141.75355234342575,88.056625991355
177,16.569040852554803,-585.3411984514578,63.903343950172705,-23.614599852554804,-21.59961954854225,-0.6081469501727099,86.68300604580072,-54.41707051678662,99.18241525877517,-44.74267164969434,135.54003057234834,88.05266182030381
178,-6.5431622833921,-583.7487028470337,126.6493430822375,-23.8458757166079,-21.783832152966397,-0.5478710822375064,84.14725462430252,-60.505635136821276,97.81659015152088,-37.28923968473548,133.00427934089967,88.05129013616074
179,-58.833584596623005,-551.7054677795303,91.0145293551813,-23.584389403376996,-21.771863220469754,-0.627790355181304,77.69016544905968,-61.008711769541705,105.56704708207356,-44.538567917851424,126.54719058875675,88.0482502911336
180,-90.7651026530504,-435.8916073567966,164.5048260578603,-24.014338346949586,-21.75931364320337,-0.38286805786029277,69.12156433105227,-81.2397715158191,120.83866562037488,-39.58091013011773,117.97859009177373,88.04491922067193
181,-29.474530495900602,-403.5801947245742,76.9738354348369,-23.598143504099397,-21.550857275425813,-0.19957343483690693,77.19332922171156,-74.16161198683666,130.47291539278348,-56.291663538133605,126.05035455726083,88.04803489672771
182,-99.9760477120053,-403.1849155889014,0.34700772358790005,-23.1052582879947,-21.86851941109859,-0.16066172358790007,65.6745549717834,-61.861130533823825,131.99502227011783,-70.11643574758234,114.53158074858827,88.04372634850996
183,-136.1311982327377,-418.1442766520757,-60.2356537843294,-22.765639767262314,-22.01790934792433,-0.26432921567059964,61.397787354790495,-50.553200050624476,128.02694407475713,-77.45681680227523,110.25481331182341,88.04233926489051
184,-145.9386019450887,-459.7815882585938,0.4772809912189,-23.118117054911295,-21.994115741406233,-0.3826889912189,63.027795618954116,-57.56178686950148,121.60992621905592,-64.03102556476027,111.88482150406713,88.0428581560727
185,-148.392027405081,-514.9707342015902,-44.787863773008,-22.938952594918987,-21.8556447984098,-0.6754092269920022,65.91706291751767,-47.686050229022115,112.01981010763326,-64.3162697297437,114.77408867097624,88.04380822611404
186,-114.9703031763067,-542.4053180269957,-65.9346078392536,-23.007999823693282,-21.76460097300435,-0.5577391607463937,70.96474711622379,-43.53086190848398,107.72665850103317,-64.17749515764552,119.82177277488078,88.04558180915919
187,-275.8725583198552,-571.6180210512747,-49.9485785728332,-22.871902680144785,-22.28955294872526,-1.1068914271668007,56.301450945047264,-40.51290337872827,95.31241373191385,-54.78305700252552,105.15847719309033,88.0407832013439
188,-261.36126629793097,-512.1549117895146,9.105512602620099,-23.00517070206905,-22.376732210485443,-0.8238196026200999,53.85366865584728,-52.05051810300047,106.84817183580026,-54.78137430066136,102.71069492867808,88.04006106394073
189,-386.648257508136,-563.2900685406504,-68.4673840772837,-22.78861649186399,-22.515926459349657,-1.5585969227163048,47.0611519655878,-34.89125388215642,86.1770362721409,-51.269816677331384,95.91817856860762,88.03812812803841
190,-633.3646586807417,-232.7105114799424,75.6524319690627,-23.7971143192583,-23.410843520057597,-2.3090399690627095,6.848852935387922,-49.08220616162034,86.80322516057974,-37.701795549447965,55.70588099334339,88.02564599035117
191,-660.9209973678483,-230.02969857702072,110.2412551672458,-24.146850632151768,-23.304764422979275,-2.5769491672458003,6.294819621573291,-48.83621097989393,80.20748312363446,-31.35191851844704,55.15184728441256,88.02541400379042
192,-664.2816316059069,-129.6384948703696,29.2355039351232,-23.87981339409305,-23.50810612963039,-2.4040249351232035,-3.2149833332931848,-44.18518272965403,85.98903763508658,-41.78164436037629,45.64204553889429,88.02095113213993
193,-622.4701495108983,-93.8362289751205,212.5892497167097,-24.701655489101654,-22.97635102487949,-2.570611716709692,-7.15076537388123,-62.949623950318355,87.08793368441493,-24.114434484411913,41.70626235045911,88.01865085088185
194,-632.8872033062511,39.7067019223551,-84.36325854769571,-23.81705069374891,-24.098735922355104,-1.9648404523041876,-20.209922714641156,-35.22963639557605,90.92335002424107,-55.66058883916756,28.64710805914235,88.00740919491525
195,81.71071824490029,-488.70526431455494,-17.3251572920215,-23.553977244900295,-21.23546668544509,-0.2059747079783989,94.50006602101965,-52.03834755422448,114.21145255284205,-62.146496770897414,143.35708983147526,88.05782879365961
196,77.0567908418999,-633.6216561424034,-28.9694905909429,-23.4919678418999,-21.327803857596678,-0.7300044090570985,92.9380239667406,-39.67487294292185,88.39817250024058,-48.69761275491536,141.79504931406143,88.05666884394107
197,75.7329440452038,-692.5481752680882,-17.3498858282299,-23.491999045203798,-21.434497731911733,-0.9914811717701006,92.55187553451618,-35.182359242410364,76.061258895734,-40.85344029765057,141.40889954605754,88.05637860599998
198,59.9367582155748,-594.3184172273609,235.11505734214342,-24.2395092155748,-21.777485772639125,-0.634891342143419,91.35045514066852,-65.16590037829893,86.8717537813732,-21.681032493524157,140.20748056977678,88.05556177960794
199,103.56231305794971,-618.495306484597,375.4628691993559,-24.338881057949706,-22.053278515403008,-0.6639211993559115,95.65248401411581,-64.09039064314113,64.28090185488314,-0.16315884538986414,144.50950956121653,88.05875152383042
