,x_t,y_t,z_t,x_m,y_m,z_m,j1_t,j2_t,j3_t,j4_t,j5_t,j6_t
0,-0.4802696390248737,0.0157332339249789,0.0271075119179815,-0.504068846,-0.0081535309999999,0.025721936,-0.4258405087823478,-1.0554674867284422,2.089984504612233,-1.0338477150304,0.4268755518995348,1.5359171940676903
1,-0.4456009513524299,0.0927724412075438,0.0338719011403672,-0.469689749,0.068761674,0.03263028,-0.6346847502876898,-1.0905750491846722,2.126888655710701,-1.0350322586041432,0.218031402936107,1.535275410591491
2,-0.4690769448638053,0.1300478016802403,0.1134722684336664,-0.493443693,0.106350427,0.111604686,-0.6716707883326132,-1.1966472029378628,1.979342913777817,-0.7811563826154844,0.1810453987220937,1.5350122521872187
3,-0.494827057982814,0.1240973215010218,0.2187426325756917,-0.519685507,0.100894791,0.216369373,-0.6259703782360733,-1.3087334388605842,1.8034492349748064,-0.4934828411969052,0.2267457676714581,1.5353250261430862
4,-0.4846083333899624,0.0764394172828075,0.2456407896752311,-0.509391752,0.053291616,0.24321162,-0.549010146351883,-1.395790796883161,1.8365772589462104,-0.4398596634612226,0.3037059560304493,1.5356420391101535
5,-0.5123739464155267,0.0474421735451564,0.2638505936193452,-0.537287186,0.024545461,0.261407981,-0.460508155283668,-1.369329080326201,1.7535768915632517,-0.3835226797218132,0.3922079174295128,1.5358563522684
6,-0.482721378806716,0.0140413269180219,0.2772255721457913,-0.507524104,-0.0088290249999999,0.2748255009999999,-0.4196376556470245,-1.463306901411145,1.8277458961567952,-0.3637785504180666,0.4330784072857496,1.5359269517879914
7,-0.4657836816321303,-0.0498073765595594,0.3005069968516221,-0.490590345,-0.072611877,0.298126157,-0.2844416385515496,-1.5355106099367293,1.842982945346504,-0.3069573243477705,0.5682744014285719,1.5360923546685852
8,-0.4266195750631771,-0.0360624904078365,0.3078487212544333,-0.45142611,-0.05867554,0.305583856,-0.3531689218928004,-1.6363753940472447,1.9225441906472944,-0.2855894504233038,0.4995471798736264,1.5360176153579277
9,-0.4686301304369643,-0.077380903273087,0.3339285518094133,-0.493678166,-0.099943076,0.331540366,-0.2142206764070229,-1.5481291634525955,1.7677318434375326,-0.2191376240585119,0.6384953551432249,1.5361529850635298
10,-0.4229356801519466,0.0084823524159227,0.3546894572035683,-0.448036115,-0.01405554,0.352324147,-0.4743334361907463,-1.6587880013071374,1.8204929021569736,-0.1609545464623929,0.3783826399751242,1.5358291344960628
11,-0.4820786971747198,0.0466117113109278,0.3916182138017249,-0.507657547,0.024124036,0.388916961,-0.4908219485763774,-1.5077996125115267,1.576751525910035,-0.068169055888668,0.3618941325118592,1.5357942720464717
12,-0.5682782954888482,0.0343816907920451,0.346492188967997,-0.593820074,0.0117495,0.3436810449999999,-0.3870975788988176,-1.298548473973761,1.445258595518359,-0.1460927945550754,0.4656184773539022,1.53597481478584
13,-0.5941208960146851,-0.0439483434032353,0.3377999631273161,-0.619580461,-0.066724664,0.335007887,-0.2257073286299369,-1.2515837917146304,1.4057087240692263,-0.1536525362485616,0.6270087042399966,1.5361438828537697
14,-0.6338962394307041,-0.1255770875795189,0.3547192099581606,-0.659489999,-0.148235938,0.351876816,-0.0662785907367582,-1.1472727096093318,1.2167147786351291,-0.0690505017799814,0.7864374273816304,1.5362498299002914
15,-0.681500981309267,0.0048964410138657,0.3819759968133785,-0.707729804,-0.017925752,0.378874893,-0.2713214026879811,-1.023253434337096,0.960445351377123,0.0633126996629336,0.58139463675416,1.5361047288823038
16,-0.6055687569685246,0.0199656710978276,0.2719402124031534,-0.630687783,-0.0030205099999999,0.269329986,-0.3357965078765614,-1.1778449232135884,1.475807054135089,-0.2974011538991825,0.5169194238931856,1.5360386835956756
17,-0.6907641365942514,0.010911128414985,0.2469378238681215,-0.71609943,-0.012330561,0.243851608,-0.2766378407792036,-0.9635229128475852,1.2122527614686724,-0.248221037753566,0.5760781978265253,1.5360997293585277
18,-0.6558040994968395,0.0827388785038973,0.2048341528627053,-0.680932817,0.059583448,0.202041258,-0.4066422415261845,-0.98568133975761,1.3614549128159528,-0.3751311365447849,0.4460738180681485,1.5359468509959502
19,-0.637783683633378,0.1436219069051828,0.1990773556042726,-0.663008372,0.120254677,0.196222905,-0.5110978358161176,-0.981786237006062,1.370859277594647,-0.388245557519566,0.3416182674203347,1.5357466956160764
20,-0.6286651508253375,0.1427333101831849,0.206685195481513,-0.6538685249999999,0.119477446,0.2038142359999999,-0.5173413527616182,-1.0087550486007455,1.3940570739444895,-0.3844598867898212,0.3353747372974793,1.535731201948492
21,-0.5826288386768051,0.1040168180421398,0.2422656969831795,-0.607721954,0.080827843,0.2396615459999999,-0.4968843806480096,-1.1649519224007512,1.5372877767088866,-0.3715402444071505,0.3558317025435333,1.5357806521002892
22,-0.5655112818697389,0.194624767972919,0.2627984473247263,-0.5909571969999999,0.171611849,0.259969696,-0.6544680638969362,-1.1412277456397115,1.4469887099547094,-0.304353685342392,0.1982481071620099,1.5351467079310872
23,-0.5762721947939867,0.262821890852108,0.2551973873323143,-0.601969738,0.2398872179999999,0.252281397,-0.7340053847289916,-1.0363563038310852,1.3074121710767912,-0.2687154944252476,0.1187109147573051,1.5342025199743825
24,-0.5311192227092454,0.2539402469830629,0.2789780240594602,-0.5567467370000001,0.2309817529999999,0.276193018,-0.7767964146911366,-1.1524892243661358,1.4204767863770922,-0.264333290686062,0.0759200682686289,1.532882677639904
25,-0.5112904350902062,0.285075852239079,0.2607067921033305,-0.53691002,0.262008136,0.257911827,-0.8417957394312054,-1.131460384610481,1.4382234310330686,-0.2813869801793962,0.0109237569946989,1.5111518698196296
26,-0.4941329453562597,0.3645358016593532,0.2506327904069729,-0.52000172,0.34166667,0.2477967979999999,-0.9519765127539124,-1.0401901331028798,1.3255420089327965,-0.2881490148768386,-0.0992609126292367,1.5393097957277655
27,-0.4840905494138273,0.370424624619327,0.3169117706698346,-0.510205557,0.347936912,0.314008645,-0.9716409075526428,-1.0814994055209022,1.2162771950196856,-0.1371138732046666,-0.1189252489981775,1.5388460059289937
28,-0.4723697242936834,0.3353265643023871,0.3358003633147814,-0.4984556759999999,0.312774029,0.333133123,-0.95338852927597,-1.1699237596173828,1.2977220764477453,-0.1305561166471935,-0.1006729296312758,1.5392702591688572
29,-0.5143954088345185,0.3412291331600559,0.3238424766012883,-0.540637476,0.318641072,0.320854213,-0.9008964064635894,-1.0790562864193038,1.1947716906961716,-0.1214702309571036,-0.0481812229047275,1.5422745710464645
30,-0.5441993581586753,0.3556204620023546,0.3011630857227648,-0.570494621,0.332978008,0.298112914,-0.8777017743854376,-0.9903649042150068,1.1149059478870882,-0.1356347100186457,-0.0249873314418374,1.547616626234566
31,-0.5727781302269223,0.3405848856848679,0.3234470517543888,-0.599267316,0.3179991749999999,0.320308333,-0.8278153884997916,-0.955040751299935,1.0009159798017304,-0.0347386082017209,0.0249020717201755,1.52539325321853
32,-0.5546709218245001,0.4044445479624178,0.2933823721237258,-0.581187024,0.381981541,0.290210225,-0.9124481647781404,-0.8749338848937596,0.944570197250382,-0.0742797458934045,-0.0597327971342074,1.541161576515372
33,-0.4329973349388468,0.4538216696859842,0.2420575447430042,-0.459009259,0.431126356,0.23932935,-1.1143614816189396,-0.9684156120608788,1.2331253731652607,-0.2657812684203291,-0.2616456444761685,1.5375614620047615
34,-0.4206297908170784,0.5058791210430345,0.21185449552021,-0.4467698,0.4832227639999999,0.20902597,-1.1660605816457996,-0.8584340614195201,1.127521066001905,-0.2699861888351096,-0.313344720315361,1.5373818237453118
35,-0.4409988729655696,0.5361963241171683,0.2830729002878579,-0.467707098,0.5141376350000001,0.280043394,-1.156261812236305,-0.7843535201476022,0.8139818394120404,-0.0305555912137625,-0.3035459525627102,1.5374113017858342
36,-0.4696482929713968,0.5190252019257335,0.3422320016734688,-0.496660244,0.497313944,0.339105328,-1.1083709954536536,-0.7667506431861102,0.6315242684892368,0.1341303313868298,-0.2556551621128209,1.537586842105072
37,-0.3769724476343284,0.4049304764278578,0.2265746222603913,-0.402643191,0.3819603609999999,0.2241503329999999,-1.1667546887623363,-1.123367223265784,1.5187390041824722,-0.3962689407534112,-0.3140387543472922,1.5373797011718917
38,-0.3003090048294289,0.39712224794629,0.2235093152791899,-0.325939678,0.374142502,0.2213649379999999,-1.3004378221988124,-1.222195109748618,1.6716247615593511,-0.4500699045696077,-0.4477219193296982,1.5371035728887312
39,-0.2604652652439617,0.3940978357739227,0.2300815672247667,-0.286145805,0.371095568,0.227937434,-1.378472404877213,-1.2729843850121478,1.7232143532961306,-0.4507830284425056,-0.5257564777012322,1.537005010855256
40,-0.3081978237810412,0.3392168772158863,0.209707812041286,-0.333610458,0.3160326109999999,0.207621325,-1.2489528854585767,-1.3072879119917284,1.82789628115174,-0.521326519557761,-0.3962369971692632,1.5371889320381396
41,-0.3643967353971766,0.26416129286885,0.1697130739563358,-0.389424006,0.240704647,0.167636015,-1.06222350185962,-1.3063330740357588,1.9487102893919408,-0.6437109604732427,-0.2095076706431697,1.537831050823427
42,-0.4080526280725103,0.2977779916286894,0.2431625476048772,-0.433516916,0.274792899,0.240713148,-1.0167643830935469,-1.2788391665901635,1.6943616327132425,-0.4172196086161115,-0.1640486350219281,1.5382007794645285
43,-0.4678616199234182,0.351532624888929,0.140967802195358,-0.493248937,0.328031097,0.138507779,-0.9765162328303932,-0.9940956658655282,1.5583864448279172,-0.5665353623027425,-0.1238005546126421,1.5387538283509068
44,-0.4876994903810875,0.3177670795631773,0.0833145026863162,-0.512842888,0.293967017,0.081056267,-0.9123479747710737,-0.9310293977388912,1.629124742912401,-0.7027464231445739,-0.0596326143744709,1.5411692345917132
45,-0.4419792264890278,0.354378446904626,-0.0039191425411579,-0.46698998,0.330355951,-0.005847778,-1.0184585576315557,-0.7967779645064188,1.676793250122696,-0.881692328280753,-0.1657426554474463,1.538180448962135
46,-0.3801954804264947,0.3681826656111668,0.0243650009718599,-0.405390846,0.344215633,0.022712296,-1.1329786390285688,-0.8937596763504358,1.7699981797177538,-0.8772405389726359,-0.2802627908454922,1.537489363022492
47,-0.3618945312832859,0.3297702728449296,0.0233252681307109,-0.38690837,0.305718797,0.0218537959999999,-1.1335882712790966,-0.9554315984102284,1.9016634313365224,-0.9472329558844016,-0.2808721296520846,1.5374884232632289
48,-0.3469795585814302,0.2951640346169573,0.0709884430563297,-0.371935712,0.2711749919999999,0.069435496,-1.130979336042672,-1.1089110878134552,1.9955050775609209,-0.887603019559053,-0.2782634906411809,1.5374966390623088
49,-0.3165108089996031,0.313806850876113,0.0826209648059888,-0.341591114,0.289867049,0.081118295,-1.2120739106908234,-1.1377731800855069,1.999238092160133,-0.8622529537329982,-0.3593580291287388,1.537264109382635
50,-0.2704649380060197,0.3723844380377301,0.0231966628179987,-0.295751825,0.3484599339999999,0.021963199,-1.3481332412387514,-0.9735285576032487,1.9397063576181583,-0.966760822198082,-0.4954173323785888,1.537039349090639
51,-0.3866929290815419,0.4110650505997065,0.1165036323028142,-0.412168787,0.387592039,0.114369442,-1.1550179156558853,-0.974569560202295,1.6000343711580838,-0.6263965147305814,-0.3023020190347893,1.5374159452320493
52,-0.3855813657814369,0.4872809987366357,0.0535212380146392,-0.4111917659999999,0.463770831,0.051134224,-1.206000726514426,-0.76357953917445,1.4055119025479392,-0.6427334510356504,-0.353284850239139,1.5372780343548138
53,-0.4933749331558641,0.4870874096863588,0.0214991152170892,-0.519003324,0.46357294,0.018685508,-1.0562141245593204,-0.5931875617642581,1.1598433687372838,-0.5680274182405607,-0.2034983264493766,1.5378697378562256
54,-0.5203831068818215,0.4474851066328744,-0.0227965707581054,-0.5458527289999999,0.42366273,-0.0254021639999999,-0.991717941252876,-0.5549646056975792,1.2173095659649924,-0.6643453769545196,-0.1390022352163269,1.538507544985249
55,-0.559397869192196,0.3895820675641456,-0.0032388760394106,-0.584707809,0.365688596,-0.005870496,-0.8929011021821545,-0.6114618476180564,1.27537209089388,-0.6708096160909314,-0.0401860631778037,1.5434202260421517
56,-0.5368447907713193,0.3846031680044363,-0.0643864681279021,-0.561914551,0.36050031,-0.066714951,-0.9155252120679808,-0.5485697577443758,1.345334145946893,-0.8011794988882901,-0.0628098370897793,1.5409328262111472
57,-0.5461335590593224,0.3680257367038703,-0.0804786200259989,-0.5711407319999999,0.343810478,-0.082714635,-0.8878631095582481,-0.5279346395997608,1.3564515971649185,-0.8363656844605121,-0.0351478745878961,1.5443702558145969
58,-0.4909823442058842,0.3771215373394673,-0.0977032392040207,-0.515928451,0.352853201,-0.099602109,-0.9684405700528907,-0.548235227108115,1.475071080548937,-0.9292340168030409,-0.115724703328607,1.5389085319702271
59,-0.4541932111856607,0.4651086633173803,-0.0943257979857577,-0.479466933,0.4410463169999999,-0.0964430449999999,-1.0924156392639528,-0.4883277218458337,1.313606833760077,-0.826445951546185,-0.2396997322703118,1.5376598743705454
60,-0.5469654092905835,0.4199764745782031,0.1048429391377476,-0.572695573,0.396618364,0.102046052,-0.9357072311615148,-0.7291450128212986,1.1853186489760308,-0.4595172227481967,-0.0829917118745369,1.5398585014491974
61,-0.5934025812835422,0.2834642075991962,0.175842385826096,-0.618885448,0.26026092,0.172960543,-0.7402145460492089,-0.9127302092409568,1.3186703745992585,-0.4034801365511686,0.1124994730085582,1.5340820636712191
62,-0.5762364168435439,0.2544707162380433,0.1920276862204986,-0.601629172,0.231217205,0.189196631,-0.7235205436797969,-0.9951811117867476,1.412468843947032,-0.4151583750997862,0.129194978229751,1.5344151667749326
63,-0.5439952659938044,0.1997103961756262,0.1615271755924016,-0.569008406,0.176276083,0.159100897,-0.6864679765341655,-1.0782248994732022,1.635450745690009,-0.5555507523056553,0.1662482037675743,1.5348744216145116
64,-0.5630613512361651,0.1794363450211914,0.051967819323903,-0.5876588890000001,0.155576954,0.049836828,-0.634946419627286,-0.9023081743095762,1.6829536204116629,-0.7793624767283927,0.2177697312332185,1.5352737526897071
65,-0.5708417781625499,0.2418926535021077,0.0413999112414925,-0.595589015,0.217955038,0.038928624,-0.7133895521811771,-0.8226436222940672,1.562986921974062,-0.7383474933376593,0.1393267007925622,1.5345499557047368
66,-0.5908000594267213,0.2318139446274111,-0.0339791800022735,-0.615362641,0.207691153,-0.036159077,-0.6782858336012407,-0.6750945741810535,1.5227355854836675,-0.8460439417107666,0.174430364216116,1.534953587682228
67,-0.6304404162177377,0.3011748918606947,-0.0694710746117304,-0.6552102320000001,0.277116389,-0.072058401,-0.722189622267094,-0.4964142264687488,1.2429419724341877,-0.7443980918222524,0.1305266423157798,1.5344148811803802
68,-0.6392870307089698,0.1399367772921726,-0.0930468873634613,-0.663450093,0.115648766,-0.095094955,-0.5045024802097209,-0.5554838157745938,1.4737352514040314,-0.9174391532912912,0.3482136053038296,1.535762890527633
69,-0.6126962249630428,0.1396214904970519,-0.0019073365828289,-0.636997614,0.115479129,-0.004172157,-0.5263885977451563,-0.7591532242801766,1.587155714660634,-0.8271378741589399,0.3263274955648789,1.535707435586643
70,-0.5463554842039714,0.091145845116729,0.0104120937699888,-0.570489959,0.067073541,0.008699069,-0.5089722932561465,-0.9019605876365002,1.845169429051788,-0.9423864220695846,0.3437437936845606,1.535752115162424
71,-0.5250997992381575,0.1554140163512078,-0.0041479361328562,-0.5493919509999999,0.131273302,-0.005899367,-0.6413387796155954,-0.8690609955656345,1.8375074134395144,-0.9671261661183062,0.2113774049056545,1.535235483585435
72,-0.436994029004775,0.1931426025520781,-0.0204150875100561,-0.46142344,0.168771546,-0.02159675,-0.8284032773321446,-0.9102645741138242,2.015563057762474,-1.09395721976826,0.0243138945043797,1.5251885455319671
73,-0.3905383912688731,0.2266649058368165,-0.0147021474932703,-0.415151566,0.202307253,-0.015771995,-0.9625049438396478,-0.945761862547594,2.0703170763194505,-1.1270841309000832,-0.1097890579877289,1.539040114886932
74,-0.3675133468860664,0.1852432209816487,0.0060365932747783,-0.392023456,0.160972792,0.005072164,-0.9496580849493896,-1.0518394667067217,2.19849156369441,-1.1495156716475918,-0.0969424996327767,1.5393765522616638
75,-0.3730088261951648,0.2246932182249868,0.0732818089065175,-0.397702868,0.200749367,0.0719091499999999,-0.99524786380702,-1.169721523481557,2.091417565306081,-0.9236456371976232,-0.1425320658682656,1.5384562280998877
76,-0.4554060683340015,0.1364686415499986,-0.0761153166045637,-0.479540141,0.111994477,-0.077031979,-0.7035145574615971,-0.788772319751097,2.037925474293432,-1.247288445112712,0.1492016715255619,1.5346824282705809
77,-0.4720967463483869,0.095011948048678,-0.0652172542473963,-0.496044236,0.070595649,-0.066190629,-0.6016250165135832,-0.8167215129616676,2.04517650874724,-1.2273394610379882,0.2510911130765456,1.535445868918666
78,-0.4823191975782256,0.0495115417138915,-0.0586816220712758,-0.506083807,0.025170029,-0.059714733,-0.4966515063825421,-0.8362882767402011,2.0579565064056844,-1.2208731240539357,0.3560645689494017,1.535781149079721
79,-0.4923338775438585,0.0256363711409397,-0.0661639196543802,-0.515995571,0.001417816,-0.067192881,-0.4353487883011762,-0.8132230078546061,2.041118447639409,-1.227211683979195,0.4173672784335518,1.535901360910449
80,-0.5244575622599444,0.0559851279843416,-0.0656854826065197,-0.548228205,0.031752063,-0.06695287,-0.4654392677204502,-0.77720306167509,1.9283752000551213,-1.1504382490705765,0.387276806304289,1.5358468844829716
81,-0.5768901340210864,-0.026278703214159,-0.0692696477095168,-0.600452752,-0.0504215629999999,-0.070769534,-0.267353775901384,-0.7245794856315761,1.801917732694557,-1.0768365880995423,0.5853622618459222,1.5361082835284394
82,-0.5749517800267349,-0.0776425004176083,-0.0243371043202289,-0.5984952889999999,-0.101421118,-0.026019658,-0.1684223112985439,-0.8211118638929897,1.820241770569586,-0.9986914390802236,0.6842937156405662,1.5361866691375106
83,-0.6162525789885676,-0.0682260585832366,0.0172778284089568,-0.640110619,-0.091863245,0.015220532,-0.1727619527368489,-0.8400746347804144,1.6862707515438986,-0.8457553001342792,0.6799540746232418,1.5361836429591271
84,-0.6315415549792731,-0.0174165488357536,0.0070057952481049,-0.655443521,-0.041373438,0.004771426,-0.2568280290018663,-0.7958243709614541,1.6321324203857968,-0.8358140480748313,0.5958880065819008,1.5361174458793112
85,-0.6432174275901212,0.0452560105320424,0.0829927093935351,-0.6676383610000001,0.0216915489999999,0.080484114,-0.3555572454080931,-0.8841569076660423,1.5431415622136306,-0.6584035074380132,0.4971588052358822,1.536015628589162
86,-0.6431674574168587,0.0954037780371485,0.0873554281064175,-0.667721745,0.071830518,0.0846702449999999,-0.4347543493732404,-0.8703416217150601,1.5034122318731675,-0.6323872295335855,0.4179617116020222,1.535901741423659
87,-0.5956689353162382,0.0025474827870189,0.1719812334696324,-0.620268453,-0.0208782029999999,0.169545308,-0.310640069536265,-1.1079405997569336,1.6512644589898002,-0.5427866355672513,0.5420759731899323,1.536066218492908
88,-0.6060127870487196,-0.0671262358569007,0.1129499884123434,-0.630231184,-0.090487578,0.11065101,-0.178093050236189,-1.013737782423929,1.6795177290835177,-0.665336199066429,0.6746229775550776,1.5361798818370218
89,-0.5489828493618557,-0.1092530704224552,0.105412851074693,-0.572919125,-0.132569575,0.1035019039999999,-0.1119163838950898,-1.1026967362183342,1.8561243339767903,-0.753016906579655,0.7407996379125903,1.536223361830011
90,-0.5183831520645256,-0.0904928171559376,0.1386279980639814,-0.542380657,-0.113704159,0.136643206,-0.1612506240826987,-1.2189161856531434,1.9260123421446105,-0.7066618631963348,0.6914654353858465,1.5361919875144228
91,-0.5318286803830257,-0.1192102491398624,0.1530293327915693,-0.5559596739999999,-0.14228303,0.15101466,-0.0945945809005039,-1.2087272014041182,1.8635975872080213,-0.6544674650858129,0.7581214390321205,1.5362339745247464
92,-0.5816335055419951,-0.1312966927903356,0.1663441312238726,-0.605967563,-0.154415089,0.164142782,-0.0619065831620559,-1.1242071320771108,1.6935704681804695,-0.568973467182575,0.7908094346910071,1.53625223950906
93,-0.5663777214645551,-0.1734582115132367,0.2087988396407177,-0.5907907229999999,-0.196487415,0.206633171,0.0200958000499946,-1.1891822258747573,1.6662584650265488,-0.4767144684142859,0.8728118121268942,1.5362939217074976
94,-0.5339058692515335,-0.1720731689916016,0.1786887453641631,-0.5580889,-0.195129435,0.176673997,0.0185513342479448,-1.220231117729627,1.8001885271576743,-0.5795950819980709,0.8712673255548973,1.536293056854043
95,-0.4828173889548401,-0.1497620434074343,0.1822672737113398,-0.506946225,-0.172673138,0.180332145,-0.0322893415112566,-1.3405918035857387,1.9546411720641927,-0.6136704339575818,0.8204266741532784,1.5362680237504218
96,-0.4640093831838743,-0.184295924960596,0.2301449011086081,-0.488287568,-0.207096434,0.228256825,0.05181700919195,-1.423788536148112,1.914234000333544,-0.4900928960475084,0.9045330192447034,1.5363085169025847
97,-0.4823021764039551,-0.0737253268309545,0.232445690571532,-0.506708257,-0.096711125,0.2303237719999999,-0.215857917771804,-1.4305579537742443,1.9155519376548025,-0.4845278989206401,0.6368581139961886,1.536151704250159
98,-0.5064650656434065,0.0105331851977631,0.1951338968567207,-0.530989936,-0.0126177229999999,0.192869713,-0.3899671892052869,-1.320708336349874,1.889074477353038,-0.5677452650927304,0.4627488675935485,1.5359708459127654
99,-0.4471948406367075,0.0446875686499304,0.1995322703387423,-0.471635574,0.021400143,0.197415375,-0.5291796375038871,-1.4402868522347585,2.0244902855384286,-0.5833316364525309,0.3235364565340872,1.5356998584694947
100,-0.4259121907210682,0.1495494561808468,0.307228018477461,-0.451164984,0.126713011,0.3047442019999999,-0.7750616674019453,-1.507733768286276,1.7957255674315658,-0.2842473628022675,0.0776500220752591,1.5327922412614772
101,-0.4016759581296245,0.1430153636120631,0.3408682578051263,-0.427055293,0.120371033,0.338389271,-0.8074945741627135,-1.5859040351875988,1.787577329418113,-0.1955420760951876,0.0452222494273257,1.5304014724652335
102,-0.4580167850955671,0.1327866439603975,0.3327701493813958,-0.483438133,0.1101682859999999,0.330275935,-0.6928975014265015,-1.4734891076673275,1.6911519186647244,-0.2159209755775508,0.1598187032079714,1.5348067806240475
103,-0.3604581609026577,0.208413627085715,0.3704118995460973,-0.386087095,0.186031461,0.367972939,-0.999605723398405,-1.5875115848679702,1.7127991144466703,-0.1271774269022532,-0.1468899931550127,1.5383958860697646
104,-0.3386428041823272,0.3514014726765033,0.3639500542254195,-0.364618238,0.329095745,0.3614428169999999,-1.196325547630639,-1.359738508546962,1.477551996811063,-0.1186334365965988,-0.3436095233573857,1.537298109619468
105,-0.2549690102706717,0.4294064465935801,0.3426590073177504,-0.281047275,0.407216347,0.340184902,-1.4022686492966676,-1.2814541750833135,1.432855885887867,-0.1519323710961098,-0.5495527321414122,1.5369789477913578
106,-0.3168022264970697,0.4669210681984402,0.1661546024632055,-0.342601781,0.443712034,0.163833146,-1.305258590781066,-1.0111479696483563,1.5124242906658925,-0.5019102354757181,-0.4525426836661848,1.537096528732893
107,-0.4072076534892898,0.0772625165840711,-0.0775943547267804,-0.43111092,0.052716504,-0.078077711,-0.6636741647887887,-0.8326980941174127,2.231674639634777,-1.3975021272978885,0.1890420101129732,1.5350782820283664
108,-0.4574656550268136,-0.1191943702239106,-0.0072463722169695,-0.480894238,-0.142808775,-0.008159988,-0.1128024723259049,-1.001323828550298,2.161613571424549,-1.1598786539921129,0.739913549595947,1.5362228230639507
109,-0.4601688786223664,-0.1415079348037724,-0.0396178811050877,-0.483469899,-0.165257735,-0.040427667,-0.0550844420126863,-0.9093151217708796,2.1375895058872505,-1.2278871654768515,0.7976315707942225,1.5362559981130586
110,-0.4222005435044996,-0.169223206998828,-0.0788418630954807,-0.445091743,-0.193099716,-0.079406191,0.0164051354291672,-0.824285570064049,2.206621400733317,-1.3819729341890366,0.8691211477336243,1.536292173900307
111,-0.3583886100209446,-0.2145017781723665,-0.0759573535110275,-0.381131733,-0.238159071,-0.0761715219999999,0.1660641131703615,-0.8520211952832804,2.3231655786327714,-1.4708188699175289,1.0187801165255204,1.5363557252051097
112,-0.4228049152435532,-0.3160608721849974,-0.0720675313021377,-0.4455365229999999,-0.339224295,-0.0729997149999999,0.38055748165351,-0.7912037359818993,2.014570897305994,-1.2230734087632211,1.2332734731849708,1.536429110850908
113,-0.4919749428849326,-0.2938785177785072,-0.0404394758194969,-0.514923013,-0.3172448759999999,-0.0417358139999999,0.2850266232190601,-0.814411930072735,1.884176628637748,-1.0694593440368445,1.1377426208253798,1.5363982820316109
114,-0.477778222014144,-0.2316181056848127,-0.0738012889144268,-0.500580096,-0.25523738,-0.074845477,0.1595629822279032,-0.7812382701342906,1.9953025362720949,-1.2137374350266783,1.012278986061844,1.5363532256520038
115,-0.5688362123389091,-0.3193996905306229,-0.0194233540036775,-0.5920025010000001,-0.342823185,-0.021198708,0.290157636958126,-0.7466206361988541,1.627543189920086,-0.8806179017998303,1.1428736312298424,1.536399961011056
116,-0.5634490574501091,-0.2970629880935565,0.0351336737320731,-0.586835489,-0.320452243,0.033247861,0.2539305912903535,-0.8666821723557421,1.6736537669505127,-0.8066618479385541,1.1066466038033758,1.5363879458188254
117,-0.5551348699286458,-0.3518359359371713,0.070842155965509,-0.578757376,-0.374898953,0.068891257,0.3524527374369652,-0.8915382920588311,1.596937976232068,-0.7051031546808999,1.2051687200270589,1.5364205817967749
118,-0.4932298755086736,-0.2965467078813249,0.0629156946063899,-0.516618551,-0.319741409,0.061330156,0.2896043605505527,-1.019784675416159,1.865848644140314,-0.8457592560533564,1.1423203579135706,1.536399819176915
119,-0.4214181260159125,-0.2881822225552635,0.047187894159573,-0.444635637,-0.311288267,0.046061334,0.319843706258486,-1.0939985044057892,2.070051434666865,-0.975752232894732,1.1725597022733243,1.536409814183303
120,-0.4275383552495903,-0.2527861655226603,0.0777093333487286,-0.450799839,-0.275965462,0.076443188,0.2322853694347042,-1.1817783139508526,2.093187180351296,-0.9110956622364634,1.0850013915698682,1.536380451506231
121,-0.3471277883572646,-0.2214668777764448,0.1199602045913959,-0.370517448,-0.24429726,0.118660878,0.1941822179432031,-1.4416944810549877,2.296728298492952,-0.8547137178090134,1.046898219998578,1.5363662901775452
122,-0.3886736398295115,-0.158195833214299,0.1106564772199292,-0.41213516,-0.181337677,0.1092372309999999,-0.0156586339230817,-1.393508781090089,2.2728920428535417,-0.8790100617117962,0.8370573805674666,1.5362765088650114
123,-0.3831972170379711,-0.1468201381483787,0.1250758408287004,-0.406745065,-0.169827889,0.123577594,-0.0517092808051322,-1.4455158144680271,2.2816775892212595,-0.8357757958837522,0.8010067365437057,1.5362577986959742
124,-0.3987085284931006,-0.082725924301973,0.0772667504484796,-0.422174763,-0.106351667,0.075945157,-0.2442174382773463,-1.3187878134830688,2.312814568602576,-0.9935418919198052,0.6084985966699366,1.536128589837828
125,-0.4619290938629659,-0.3041180325443926,0.1893578859684529,-0.485960754,-0.326854763,0.187533992,0.3250565022692901,-1.265247599016669,1.8315351141304763,-0.5659874696868972,1.1777724980373678,1.5364115056494088
126,-0.5467983470438413,-0.3767354378747494,0.1681918995902758,-0.570889179,-0.39967475,0.165991024,0.3985566882975235,-1.008420288518466,1.5019993175876998,-0.4932870844626977,1.251272680696844,1.536434714588328
127,-0.5215961242707107,-0.3745391169832247,0.3199421933237539,-0.54650729,-0.3972833699999999,0.317879498,0.4126915631222463,-1.1769884641977428,1.34867229009694,-0.171393213939925,1.2654075551196762,1.5364390468204467
128,-0.4586161895423738,-0.3908385981204866,0.3219208697362791,-0.4833706869999999,-0.4135483479999999,0.319870665,0.4924665778974542,-1.2735146485452904,1.4761040821039826,-0.2023050600075233,1.3451825665695525,1.5364628070196122
129,-0.4591672125839005,-0.3185378901237052,0.33596437341038,-0.484094884,-0.341097393,0.3339122499999999,0.3564955651865946,-1.382164076494815,1.5771071468117928,-0.1946467423135875,1.20921155956984,1.536421594623837
130,-0.4928859364600836,-0.3291397355694094,0.3695861023748065,-0.5181258350000001,-0.351744906,0.367302404,0.3528278982216375,-1.3119201625370558,1.403157877278085,-0.0909409825497435,1.2055438797879443,1.5364202778333125
131,-0.5360600082654857,-0.26451199495412,0.3025994040394653,-0.560880989,-0.287343399,0.300146468,0.2055939041570402,-1.267048773762509,1.5180673485642655,-0.2507005510630722,1.058309905615439,1.5363704812324768
132,-0.3479024679419782,-0.1994291473876492,0.3144499041997896,-0.372567358,-0.221679617,0.3125333099999999,0.1228439441930646,-1.7560103694159028,2.007913846393121,-0.2515687410751015,0.9755599500593224,1.536338734748484
133,-0.2517099838670485,-0.367942049078211,0.3652090902870575,-0.27655775,-0.390023803,0.364053646,0.7247318808767886,-1.6617902179605732,1.7960848579133133,-0.134017467176494,1.5774478604678048,1.5365282652789611
134,-0.2531599605968936,-0.3822778123983527,0.3823082719918532,-0.2780325629999999,-0.404443402,0.381022966,0.7517076139200323,-1.6338948075645876,1.7266532327364017,-0.0924811014811206,1.6044235926574402,1.5365357622549354
135,-0.3241442328252937,-0.3938742152712424,0.3888002601095247,-0.349034645,-0.416281567,0.387143342,0.6563679344062958,-1.5144524181474142,1.591038423519838,-0.0763083100821742,1.5090839166370476,1.5365092963446614
136,-0.3552777816480836,-0.4968861158387674,0.3960222213049985,-0.380227689,-0.519529687,0.394275218,0.7787041739168719,-1.2660211319653747,1.275907767724373,-0.00960895974598,1.6314201512155462,1.5365432403590802
137,-0.3501660218259677,-0.5255069815611709,0.3857584017038907,-0.375143416,-0.5481174489999999,0.384074925,0.8231619619664299,-1.2115468944859658,1.228365525934879,-0.0165399306525428,1.6758779389033762,1.5365556709119843
138,-0.2657994085683976,-0.5327773201122779,0.3323525014058907,-0.290329827,-0.555225488,0.330947307,0.9568242744112148,-1.2782933932084235,1.4553337592990765,-0.1767551084364118,1.8095402449779687,1.5365938805490238
139,-0.2587098251247752,-0.5592842784444858,0.3581825823945164,-0.283402363,-0.581777688,0.356738037,0.9966708270540084,-1.23373290967378,1.329196700021316,-0.0951754916480642,1.8493867975676144,1.5366058402712195
140,-0.1418708617342686,-0.6471741211022216,0.3561407188710764,-0.16658054,-0.669549602,0.354886097,1.253445953248585,-1.090366731832308,1.1292156299734728,-0.0385266461872531,2.1061619100318776,1.5366908254493925
141,-0.079875511412296,-0.6111457288613321,0.3773048897126884,-0.104492411,-0.633388381,0.376381685,1.341539899278244,-1.1987616076341077,1.2321824842095648,-0.0330794809373649,2.1942558515141446,1.5367257455847074
142,-0.0495840707154695,-0.6125529023846755,0.3431148929938222,-0.074098897,-0.6347204900000001,0.342313404,1.3963021457174838,-1.1892750848899518,1.3063389610274054,-0.1167078567023613,2.2490181015139035,1.5367498770547972
143,0.0068224574431312,-0.6200879011933366,0.357611094495306,-0.017744944,-0.6421745499999999,0.356878886,1.4991257276631424,-1.163674153724701,1.232913374240017,-0.0688493253222932,2.3518416360102465,1.5368008248850566
144,0.005399071311758,-0.6227346288810953,0.3170695149400081,-0.019054078,-0.644839138,0.3163201659999999,1.4969374746303803,-1.1458632708786607,1.3113592525783222,-0.1651065876719895,2.349653430856544,1.536799937535844
145,-0.0513987810110364,-0.5649870733496389,0.2971775652528469,-0.075753804,-0.587010808,0.296370515,1.376220708984599,-1.2817026653975647,1.551826613730019,-0.2697736070817216,2.228936659542825,1.5367407066331698
146,-0.0650837375568962,-0.5171435872113601,0.2633843521492272,-0.089400085,-0.53910277,0.262845667,1.3261054333715565,-1.3660389572206644,1.7507932411374734,-0.3844165961275294,2.178821386501488,1.5367193259754153
147,0.0014895896890911,-0.5078054987558999,0.3099681703257827,-0.02311954,-0.52961585,0.309582461,1.4692014083093268,-1.4130338595787193,1.6820147092913509,-0.2686016483984557,2.321917352330641,1.5367852127151806
148,0.046968556041666,-0.4910858135096454,0.2483759784455662,0.022555808,-0.512778415,0.248056278,1.5703299261378234,-1.3805893501833408,1.8103869236576984,-0.4293765347573641,2.4230458621067026,1.5368433646999726
149,0.0413781534389273,-0.4519685786086289,0.2567579963300268,0.016817077,-0.473627908,0.256570055,1.5562033294560562,-1.4798241342569485,1.9026927150288009,-0.4224543812050312,2.4089192724787427,1.53683424118959
150,0.0122155583162576,-0.4168918812770511,0.2522451679800462,-0.012347943,-0.438528664,0.252044733,1.473302913801848,-1.5730929794287392,2.013558394524892,-0.4400847538935437,2.3260188575003014,1.5367873471728748
151,0.0576038406415335,-0.4100047459738105,0.2697797079802091,0.032902402,-0.431584833,0.26971994,1.5999712914596689,-1.5786284487111522,1.970185055494241,-0.3911205993668751,2.4526872246732445,1.5368629952707336
152,0.0540104057169136,-0.4395461586244267,0.3971321538620697,0.029035262,-0.4613375019999999,0.396939596,1.5884930137430855,-1.58064075889846,1.6376082602277575,-0.0565374531944131,2.441208949859525,1.536855239415284
153,-0.1246243200533993,-0.4084638404335084,0.3612590029224184,-0.1495174719999999,-0.4303047869999999,0.360597049,1.0875843516247503,-1.677769459063332,1.820504277330036,-0.1424375906763386,1.9403003166063275,1.536633767348386
154,-0.1734362347832501,-0.4826851757717855,0.2578008414860032,-0.197736462,-0.504750016,0.2569699709999999,1.0672729153636835,-1.407089662853944,1.8161127660882084,-0.4087281352819589,1.9199888812623973,1.536627342520335
155,-0.2024503884657011,-0.3683091274904422,0.1980463449843917,-0.226491925,-0.390361201,0.197294319,0.8275794417320954,-1.564625000430892,2.16447589098577,-0.5995720462980656,1.680295423246978,1.5365569181945586
156,-0.2353300868092758,-0.37573499660601,0.1552939887408529,-0.2590325,-0.397916401,0.154440195,0.7729948731226344,-1.4399112959434095,2.166418459799482,-0.7262295787460697,1.6257108508679066,1.5365416584785034
157,-0.2366944846896192,-0.3292265979908971,0.1177420358146249,-0.260031367,-0.351545756,0.116937501,0.6633818016208588,-1.4467670781977915,2.3115304587645573,-0.8644857987495991,1.5160977835788385,1.5365112469893578
158,-0.2269280126278546,-0.3486649201910064,0.0903087862820149,-0.250195608,-0.370964091,0.089678868,0.7309886088453568,-1.3538071856672858,2.304460349112354,-0.9503759834619387,1.5837045893787796,1.5365299429166708
159,-0.3289306333083346,-0.3429420870561018,0.0330786877429758,-0.351924381,-0.3658083,0.032284168,0.5434439967038553,-1.1142771089552852,2.177954244321848,-1.0633956887774607,1.3961599832956555,1.5364775264737194
160,-0.3698541963487805,-0.393290879727084,-0.0529710791019225,-0.3924721379999999,-0.416214409,-0.053895639,0.5930734890507479,-0.8250980206444654,1.9854327622629064,-1.1600553950757286,1.445789473730029,1.5364915928367484
161,-0.3767408135711997,-0.4333837587898986,-0.0210569071602435,-0.399488106,-0.456247897,-0.022159453,0.6547105271919067,-0.8553377331259773,1.885607101878751,-1.029991644634503,1.5074265094859038,1.5365088351319862
162,-0.4170584166830177,-0.5169496392689333,0.013745341411385,-0.44004808,-0.5397248419999999,0.0120770339999999,0.7281243825745793,-0.7868425265255725,1.5879849128099268,-0.8008652056702581,1.5808403620186713,1.5365292061302966
163,-0.4845339003062283,-0.4678304973242148,0.0505904215630057,-0.5078287730000001,-0.490797329,0.048706615,0.5891421613040917,-0.8326492116388278,1.551401040841867,-0.7184723425072437,1.4418581461409,1.536490485943311
164,-0.4710914933215815,-0.4207840594464133,0.0142328729316283,-0.494229373,-0.443823368,0.012623981,0.5306781429871803,-0.8427564034573636,1.7037088378161194,-0.8606703284481512,1.3833941301270256,1.536473864326629
165,-0.3674811023187722,-0.3700279464391947,0.1490309970696009,-0.391033794,-0.392695222,0.147611492,0.551085991860456,-1.2726156190800266,1.9693111801600791,-0.6964144882371484,1.403801977723779,1.5364797044852416
166,-0.3379471247489253,-0.3644755042296443,0.1415870153342206,-0.361427133,-0.3870686299999999,0.140334075,0.577978496950903,-1.308852826399168,2.0451049687055054,-0.7359722435048317,1.4306944813629965,1.536487403893938
167,-0.3030101105816031,-0.3975853729528104,0.1865727552231733,-0.3267755189999999,-0.4199535,0.185394087,0.6956771505736397,-1.372834650074998,1.9825414072174168,-0.6094295209015144,1.5483931312911814,1.53652021223448
168,-0.3029122222622067,-0.4340910845682624,0.2361791227361696,-0.326971991,-0.456435596,0.234845691,0.7605982782435894,-1.3688008129313296,1.83030190019838,-0.4612236698793093,1.6133142564660998,1.5365382143421682
169,-0.3112438830929195,-0.5960280638097393,0.2138426048887411,-0.335192997,-0.618573715,0.212154998,0.9556224155178432,-1.0230049435117774,1.3974183091697086,-0.3741282611448806,1.8083383782549327,1.5365933273956305
170,-0.1349088758253197,-0.6438655448388192,0.1822447678825947,-0.158933921,-0.665929117,0.181104068,1.263009425992358,-0.9979938621739088,1.444570356466247,-0.4462524210390528,2.115725385650661,1.536694361281052
171,-0.1191512748848735,-0.5345817696233752,0.1390293706643451,-0.142905604,-0.55652048,0.138495542,1.2247913695013102,-1.1687256886744344,1.8484639269006533,-0.6794212369908097,2.0775073289953028,1.5366802678135931
172,-0.0642437421127661,-0.483112292352937,0.1452075265792076,-0.088077206,-0.504851449,0.14472611,1.3082380552545736,-1.2874027333002531,2.002944298878964,-0.7152079727116627,2.1609540093923547,1.5367120643755705
173,-0.0132249632795218,-0.4916657200458785,0.156806682720572,-0.037216378,-0.513346287,0.156385554,1.431214250517998,-1.2835617843360307,1.9590573505585,-0.6751293127211531,2.283930170240435,1.536765924671391
174,0.0316335894505917,-0.5036367976189873,0.1784041707793972,0.0074628629999999,-0.525274905,0.178026511,1.5360941327038553,-1.2766928829103792,1.8808767426043644,-0.6037782040841604,2.388810076220804,1.536822697246497
175,0.0348220976404774,-0.5182608459692435,0.1451258608510106,0.01082495,-0.5398964549999999,0.144899545,1.5441079510679874,-1.1971974448686973,1.871962022591644,-0.6743556858464883,2.396823891253105,1.5368270458802993
176,0.0719829811512968,-0.5417463975452843,0.1061068460684287,0.0481366919999999,-0.5632914939999999,0.105751239,1.6213502836637517,-1.0752396327631368,1.8075478844893755,-0.7318605192634897,2.474066214790903,1.5368780517463607
177,0.0165690408525548,-0.5853411984514578,0.0639033439501727,-0.007045559,-0.606940818,0.063295197,1.512903861025373,-0.9497570498078588,1.7310597063458903,-0.7809069364258892,2.365619801741253,1.536808863909405
178,-0.0065431622833921,-0.5837487028470336,0.1266493430822375,-0.030389038,-0.605532535,0.126101472,1.468646649708103,-1.056022549147901,1.7072215612178985,-0.6508200080639663,2.3213625937409725,1.5367849235048112
179,-0.058833584596623,-0.5517054677795303,0.0910145293551813,-0.082417974,-0.5734773310000001,0.090386739,1.3559491835052304,-1.0648028927787188,1.842492553190056,-0.7773446542896227,2.2086651349225868,1.536731868200337
180,-0.0907651026530504,-0.4358916073567966,0.1645048260578603,-0.114779441,-0.457650921,0.164121958,1.206398881705934,-1.4179014965189478,2.109032578792018,-0.6908172027065316,2.0591148439622105,1.536673730053165
181,-0.0294745304959006,-0.4035801947245742,0.0769738354348369,-0.053072674,-0.425131052,0.076774262,1.3472777554948188,-1.2943643077567932,2.277181958280062,-0.982474870165272,2.1999937103304408,1.536728108858764
182,-0.0999760477120053,-0.4031849155889014,0.0003470077235879,-0.123081306,-0.425053435,0.000186346,1.146237219039632,-1.0796804068212231,2.3037477348567963,-1.2237626635583636,1.998953181576617,1.5366529105063833
183,-0.1361311982327377,-0.4181442766520757,-0.0602356537843294,-0.158896838,-0.440162186,-0.060499983,1.071593542780434,-0.8823197883027611,2.2344917053711573,-1.3518764813137685,1.924309508462992,1.5366287013302236
184,-0.1459386019450887,-0.4597815882585938,0.0004772809912189,-0.169056719,-0.481775704,9.4592e-05,1.1000425538248066,-1.0046427042040404,2.122493615629905,-1.1175522195337284,1.9527585182521257,1.536637757689812
185,-0.148392027405081,-0.5149707342015901,-0.044787863773008,-0.17133098,-0.536826379,-0.045463273,1.1504697811549427,-0.8322785837678319,1.955114513837024,-1.122530669384791,2.003185743284458,1.5366543395401582
186,-0.1149703031763067,-0.5424053180269957,-0.0659346078392536,-0.137978303,-0.564169919,-0.066492347,1.2385684900232563,-0.759756866534028,1.880184883014568,-1.1201085961836317,2.091284450498172,1.5366852944038536
187,-0.2758725583198552,-0.5716180210512747,-0.0499485785728332,-0.298744461,-0.5939075739999999,-0.05105547,0.9826456926411478,-0.7070835535011435,1.6635154376449526,-0.9561447190018058,1.8353616634027912,1.536601542897965
188,-0.261361266297931,-0.5121549117895146,0.0091055126026201,-0.284366437,-0.5345316440000001,0.008281693,0.939923832322604,-0.9084529182662712,1.8648523982713885,-0.9561153503139468,1.792639803516875,1.5365889392226275
189,-0.386648257508136,-0.5632900685406504,-0.0684673840772837,-0.409436874,-0.5858059950000001,-0.070025981,0.8213720515809082,-0.6089672603928831,1.5040730225594388,-0.8948271079133319,1.6740880285380646,1.536555203126902
190,-0.6333646586807418,-0.2327105114799424,0.0756524319690627,-0.657161773,-0.256121355,0.073343392,0.1195350337073977,-0.856646101662923,1.5150020804021,-0.6580204662516116,0.9722510360579716,1.5363373487265726
191,-0.6609209973678483,-0.2300296985770207,0.1102412551672458,-0.685067848,-0.253334463,0.107664306,0.1098653282155974,-0.8523526757977553,1.3998846652452075,-0.5471942049638834,0.9625813236700926,1.536333299797267
192,-0.6642816316059069,-0.1296384948703696,0.0292355039351232,-0.688161445,-0.153146601,0.026831479,-0.0561120445627083,-0.7711769192277984,1.500791827353579,-0.7292272609858865,0.7966039719988949,1.536255407992872
193,-0.6224701495108983,-0.0938362289751205,0.2125892497167097,-0.6471718049999999,-0.11681258,0.210018638,-0.1248043998118308,-1.0986782008253346,1.519971181551517,-0.4208762790094491,0.7279115967160608,1.536215260511197
194,-0.632887203306251,0.0397067019223551,-0.0843632585476957,-0.656704254,0.015607966,-0.0863280989999999,-0.3527296929440786,-0.6148731493832296,1.5869118248662728,-0.9714605388422825,0.4999863568066365,1.5360190566012033
195,0.0817107182449003,-0.4887052643145549,-0.0173251572920215,0.058156741,-0.509940731,-0.0175311319999999,1.6493372954188097,-0.9082405021183556,1.9933658905323768,-1.084660987232184,2.5020532236365263,1.5368990446068267
196,0.0770567908418999,-0.6336216561424034,-0.0289694905909429,0.053564823,-0.6549494600000001,-0.029699495,1.6220745185170244,-0.6924571631643985,1.542839162875106,-0.8499336804344595,2.474790473558099,1.5368787996650806
197,0.0757329440452038,-0.6925481752680882,-0.0173498858282299,0.052240945,-0.713982673,-0.018341367,1.6153349569732942,-0.6140480073995187,1.3275194009423847,-0.7130270439609347,2.4680508887006187,1.5368737340573944
198,0.0599367582155748,-0.5943184172273609,0.2351150573421434,0.035697249,-0.6160959030000001,0.234480166,1.5943662154000453,-1.1373595216279346,1.5161981304667966,-0.3784054022438727,2.44708217186858,1.536859477747436
199,0.1035623130579497,-0.6184953064845969,0.3754628691993559,0.079223432,-0.640548585,0.374798948,1.6694507837575632,-1.1185883356121789,1.121913383519041,-0.0028476590558055,2.522166742285455,1.5369151492864148
